,date,spot_volume_daily_sum,spot_selling_volume_sum,spot_buying_volume_sum,AGG_Volume
0,2019-03-30 00:00:00+00:00,352262079.5733646,152050213.390744,200211866.18262064,
1,2019-03-31 00:00:00+00:00,306640858.9068106,130282102.08524977,176358756.82156083,
2,2019-04-01 00:00:00+00:00,492485234.3054373,221690326.79467568,270794907.5107616,13585991.426467896
3,2019-04-02 00:00:00+00:00,1615585465.166938,765021258.3913184,850564206.7756195,34795878.61251831
4,2019-04-03 00:00:00+00:00,1901666826.7000377,928372104.978441,973294721.7215966,61914856.57234192
5,2019-04-04 00:00:00+00:00,1168433638.969993,566429890.1481849,602003748.8218082,30603888.902664185
6,2019-04-05 00:00:00+00:00,887012884.2034277,414809903.50487214,472202980.6985556,29764423.088264465
7,2019-04-06 00:00:00+00:00,879789780.2958695,407138582.330319,472651197.9655505,
8,2019-04-07 00:00:00+00:00,841910678.9968644,390534332.70641,451376346.29045445,
9,2019-04-08 00:00:00+00:00,1013746644.8403434,488680294.3445632,525066350.49578017,50552927.435302734
10,2019-04-09 00:00:00+00:00,783386500.2577356,371631599.89995784,411754900.3577778,21347599.57075119
11,2019-04-10 00:00:00+00:00,894382668.3574346,413042380.53659403,481340287.82084066,49915081.17055893
12,2019-04-11 00:00:00+00:00,1063977406.2424333,527378731.19061464,536598675.0518187,37228733.14704895
13,2019-04-12 00:00:00+00:00,729671115.5163423,341042450.0228691,388628665.49347323,21319649.24812317
14,2019-04-13 00:00:00+00:00,542498356.6077652,248813686.35486478,293684670.2529004,
15,2019-04-14 00:00:00+00:00,523842991.0194429,230967688.92840502,292875302.09103787,
16,2019-04-15 00:00:00+00:00,646975088.6833411,307655585.1983535,339319503.48498756,25344077.448892593
17,2019-04-16 00:00:00+00:00,661394149.7663375,301787508.8790132,359606640.88732433,26945313.230466843
18,2019-04-17 00:00:00+00:00,669117331.3297374,310050497.79575366,359066833.53398377,15148496.086120605
19,2019-04-18 00:00:00+00:00,665471041.4205388,301414889.30572647,364056152.1148123,15976260.220813751
20,2019-04-19 00:00:00+00:00,650229152.4758661,294924322.63234794,355304829.84351814,
21,2019-04-20 00:00:00+00:00,622327308.4977643,276345358.8697369,345981949.62802744,
22,2019-04-21 00:00:00+00:00,710268401.9245499,324327617.3680801,385940784.5564699,
23,2019-04-22 00:00:00+00:00,791541829.2496666,355775330.1135017,435766499.13616484,29917412.726402283
24,2019-04-23 00:00:00+00:00,1010279531.6917689,468449450.43103474,541830081.2607341,39427127.28767395
25,2019-04-24 00:00:00+00:00,1063729559.5307367,516835249.45678437,546894310.0739523,35174236.80238724
26,2019-04-25 00:00:00+00:00,1097058250.5590644,550705862.2593772,546352388.2996871,23759920.064926147
27,2019-04-26 00:00:00+00:00,1155468386.5742633,538535372.3553784,616933014.218885,29307504.979133606
28,2019-04-27 00:00:00+00:00,667485985.9675118,311449867.5399247,356036118.4275871,
29,2019-04-28 00:00:00+00:00,631012741.2041098,294560081.1381112,336452660.0659986,
30,2019-04-29 00:00:00+00:00,678762883.5168124,314664591.91598755,364098291.6008249,15756633.096790314
31,2019-04-30 00:00:00+00:00,651772542.9107636,290569833.9551938,361202708.95556986,16271176.328659058
32,2019-05-01 00:00:00+00:00,610068271.0296711,271750518.6143282,338317752.41534287,14526675.0
33,2019-05-02 00:00:00+00:00,725732823.5339208,334380483.20649344,391352340.3274273,18692279.739761353
34,2019-05-03 00:00:00+00:00,1188190353.4374683,551397415.1603024,636792938.277166,44376313.84449005
35,2019-05-04 00:00:00+00:00,1027521429.0297143,482071920.8070476,545449508.2226666,
36,2019-05-05 00:00:00+00:00,754419965.9272053,354821234.7604259,399598731.16677934,
37,2019-05-06 00:00:00+00:00,777466944.9882953,363105197.67357796,414361747.31471735,25196511.936092377
38,2019-05-07 00:00:00+00:00,1112741679.0090775,546000640.9880241,566741038.0210533,42709765.6870842
39,2019-05-08 00:00:00+00:00,862761192.5034063,399815433.0935483,462945759.409858,22928080.446243286
40,2019-05-09 00:00:00+00:00,1008595415.8374555,459577254.51212204,549018161.3253336,41132714.712142944
41,2019-05-10 00:00:00+00:00,1199992567.2745938,570582779.5812991,629409787.6932948,59660782.646369934
42,2019-05-11 00:00:00+00:00,2164867634.248607,1032079726.3855662,1132787907.863041,
43,2019-05-12 00:00:00+00:00,2508211619.9070745,1281046407.8740656,1227165212.0330086,
44,2019-05-13 00:00:00+00:00,2311020539.2997093,1117511420.9869964,1193509118.3127131,145910089.54515457
45,2019-05-14 00:00:00+00:00,2410913735.298346,1190754238.3134189,1220159496.9849274,137440085.36338806
46,2019-05-15 00:00:00+00:00,1888366821.5309231,921355045.4122943,967011776.1186289,92881146.67921066
47,2019-05-16 00:00:00+00:00,2235459854.3468437,1129335292.148065,1106124562.1987786,55544717.655181885
48,2019-05-17 00:00:00+00:00,2577990237.88121,1323133694.9030313,1254856542.9781785,69636654.5463562
49,2019-05-18 00:00:00+00:00,1353585116.9448557,659792692.6832523,693792424.2616034,
50,2019-05-19 00:00:00+00:00,2119962993.7185657,1030834014.8558719,1089128978.8626938,
51,2019-05-20 00:00:00+00:00,2078771321.1343527,1045314170.502023,1033457150.6323297,48522169.069862366
52,2019-05-21 00:00:00+00:00,1663645982.5993595,831316317.8070617,832329664.7922978,33469278.772354126
53,2019-05-22 00:00:00+00:00,1624740410.414398,817981468.1826462,806758942.2317518,25517547.19142914
54,2019-05-23 00:00:00+00:00,1713372218.821644,828775841.8160447,884596377.0055993,31466501.279067993
55,2019-05-24 00:00:00+00:00,1772181035.6311643,863224537.216776,908956498.4143882,63724918.86405945
56,2019-05-25 00:00:00+00:00,1257199743.8782117,611123712.5753543,646076031.3028574,
57,2019-05-26 00:00:00+00:00,1921422261.9184947,912728595.4937819,1008693666.4247127,
58,2019-05-27 00:00:00+00:00,1982075101.3096628,962799683.1196334,1019275418.1900295,
59,2019-05-28 00:00:00+00:00,1555240475.7044113,753622272.7195057,801618202.9849056,72645141.335392
60,2019-05-29 00:00:00+00:00,1629552859.4675848,793171664.1505704,836381195.3170145,57164939.562511444
61,2019-05-30 00:00:00+00:00,2402608439.4675965,1213070198.9019191,1189538240.5656774,101429882.99808502
62,2019-05-31 00:00:00+00:00,1806709629.4698393,851863122.1586999,954846507.3111395,56360656.13832474
63,2019-06-01 00:00:00+00:00,1466790544.5298128,713881826.1913029,752908718.3385098,
64,2019-06-02 00:00:00+00:00,1424570677.1414964,691517591.7069955,733053085.4345009,
65,2019-06-03 00:00:00+00:00,1905595779.781521,976685443.0353447,928910336.7461764,62898956.6734314
66,2019-06-04 00:00:00+00:00,2292638912.638428,1167949865.0696476,1124689047.5687804,81435214.97812271
67,2019-06-05 00:00:00+00:00,1626181177.4176667,794752772.1683927,831428405.2492741,43939588.63449097
68,2019-06-06 00:00:00+00:00,1438309430.4848714,704325113.00534,733984317.4795313,35641175.0
69,2019-06-07 00:00:00+00:00,1397177746.8819668,673439685.0208791,723738061.8610876,64497213.86260986
70,2019-06-08 00:00:00+00:00,1145183284.0219219,560109040.1173357,585074243.9045862,
71,2019-06-09 00:00:00+00:00,1280135474.734977,641500055.8025798,638635418.9323974,
72,2019-06-10 00:00:00+00:00,1391077640.790583,662055854.0043641,729021786.7862189,31414200.0
73,2019-06-11 00:00:00+00:00,1239922025.894209,592540450.2864157,647381575.6077932,25843580.502986908
74,2019-06-12 00:00:00+00:00,1508254857.0150838,714806046.9858288,793448810.029255,47073069.140815735
75,2019-06-13 00:00:00+00:00,1392612704.8461576,665978596.7557552,726634108.0904024,29686125.0
76,2019-06-14 00:00:00+00:00,1592295083.6734483,739545761.0757928,852749322.5976557,39386520.69559097
77,2019-06-15 00:00:00+00:00,1454881663.8614986,689670453.8691723,765211209.9923263,
78,2019-06-16 00:00:00+00:00,2364099488.363256,1154880675.5788891,1209218812.7843666,
79,2019-06-17 00:00:00+00:00,2032427459.8581293,971791859.7774547,1060635600.0806746,87434400.0
80,2019-06-18 00:00:00+00:00,1966726043.9603934,948413431.1031805,1018312612.8572128,60846870.20254135
81,2019-06-19 00:00:00+00:00,1475311796.2817118,702410545.8184599,772901250.4632518,38680938.12875748
82,2019-06-20 00:00:00+00:00,1551584745.8424902,725236433.1264906,826348312.7159996,73200043.36776733
83,2019-06-21 00:00:00+00:00,2188125347.0406065,997942771.0120816,1190182576.028525,117009671.64707184
84,2019-06-22 00:00:00+00:00,3675273616.228358,1799650594.86608,1875623021.362278,
85,2019-06-23 00:00:00+00:00,2206946376.9256144,1047140350.656134,1159806026.2694802,
86,2019-06-24 00:00:00+00:00,1932076728.690647,956469180.4214108,975607548.2692361,169945515.98539352
87,2019-06-25 00:00:00+00:00,2495576919.7590714,1173557460.7788503,1322019458.9802208,149789521.1520195
88,2019-06-26 00:00:00+00:00,6080688106.889966,2921829809.2761483,3158858297.6138177,290250686.7034912
89,2019-06-27 00:00:00+00:00,5833971822.293602,3119051904.0984664,2714919918.1951356,281419417.78564453
90,2019-06-28 00:00:00+00:00,3623245159.8177476,1751213502.3091369,1872031657.508611,138198934.0453148
91,2019-06-29 00:00:00+00:00,2643469383.2149677,1339562335.7444432,1303907047.4705245,
92,2019-06-30 00:00:00+00:00,2650093188.348389,1349494739.6379228,1300598448.7104664,
93,2019-07-01 00:00:00+00:00,3039171965.2492037,1584184797.0044813,1454987168.2447224,160194314.23950195
94,2019-07-02 00:00:00+00:00,3244454645.4057455,1634321157.83722,1610133487.5685253,139326384.38072205
95,2019-07-03 00:00:00+00:00,3131528692.692596,1501377317.157558,1630151375.535038,98206288.7257576
96,2019-07-04 00:00:00+00:00,2221425789.056391,1148764296.1929152,1072661492.8634757,
97,2019-07-05 00:00:00+00:00,1785520034.0457394,889086375.3473791,896433658.6983602,54449172.28317261
98,2019-07-06 00:00:00+00:00,1460655521.0733936,728040312.9596305,732615208.1137631,
99,2019-07-07 00:00:00+00:00,1128001078.6990147,520935817.70283777,607065260.9961771,
100,2019-07-08 00:00:00+00:00,1701733056.6881878,801451591.5829222,900281465.1052655,92405882.31086731
101,2019-07-09 00:00:00+00:00,2396378676.33616,1177121210.7744174,1219257465.561743,122481122.85766602
102,2019-07-10 00:00:00+00:00,3725547786.742817,1987103306.2644026,1738444480.4784145,171073569.43073273
103,2019-07-11 00:00:00+00:00,2915118790.7463717,1488072925.0950973,1427045865.6512742,93169710.14823914
104,2019-07-12 00:00:00+00:00,1790794675.3910022,817667517.2082957,973127158.1827065,57998161.489868164
105,2019-07-13 00:00:00+00:00,1657207670.6690938,851044895.9372565,806162774.7318373,
106,2019-07-14 00:00:00+00:00,2196501191.5294714,1168022979.8425808,1028478211.6868904,
107,2019-07-15 00:00:00+00:00,2364458678.8533163,1154880000.6447854,1209578678.208531,148058832.39059448
108,2019-07-16 00:00:00+00:00,2870354274.3173304,1480434373.662677,1389919900.654653,169818865.37647247
109,2019-07-17 00:00:00+00:00,2295992824.134972,1135379025.9055767,1160613798.2293954,93143227.76508331
110,2019-07-18 00:00:00+00:00,2470616222.466254,1170535405.9443257,1300080816.5219285,106370371.59366608
111,2019-07-19 00:00:00+00:00,1718296740.47612,867292540.3887706,851004200.0873495,44010916.47720337
112,2019-07-20 00:00:00+00:00,1442376722.016185,689614035.8049474,752762686.2112375,
113,2019-07-21 00:00:00+00:00,1096622030.285465,556523101.1479214,540098929.1375436,
114,2019-07-22 00:00:00+00:00,1238157297.934685,636883625.6684508,601273672.2662342,56243803.65562439
115,2019-07-23 00:00:00+00:00,1284539024.033558,646384969.1615418,638154054.8720161,61352901.42059326
116,2019-07-24 00:00:00+00:00,1211140140.1625354,592818461.3209406,618321678.8415947,70470293.6290741
117,2019-07-25 00:00:00+00:00,1077785194.5365655,534853163.887066,542932030.6494997,35200381.42662048
118,2019-07-26 00:00:00+00:00,793910214.5696361,384815639.0079482,409094575.5616878,34622279.36553955
119,2019-07-27 00:00:00+00:00,1463912250.7811966,748035437.6478237,715876813.1333728,
120,2019-07-28 00:00:00+00:00,968694119.4350402,493362747.13044244,475331372.30459785,
121,2019-07-29 00:00:00+00:00,922500447.6736735,452349767.4788106,470150680.1948629,38088767.52204895
122,2019-07-30 00:00:00+00:00,824160697.4316717,398313421.4919905,425847275.93968123,48803110.749435425
123,2019-07-31 00:00:00+00:00,1051742837.9123938,487129653.7313024,564613184.1810914,85582818.15414429
124,2019-08-01 00:00:00+00:00,1012937661.0894362,485662119.6494295,527275541.4400067,53899888.23509216
125,2019-08-02 00:00:00+00:00,1156473274.464691,569625522.5968164,586847751.8678745,89716861.93084717
126,2019-08-03 00:00:00+00:00,987977040.2961234,474171805.75471956,513805234.5414039,
127,2019-08-04 00:00:00+00:00,1118235758.9920464,542959993.6158596,575275765.3761867,
128,2019-08-05 00:00:00+00:00,2028060882.05669,966089301.1099811,1061971580.9467088,148756483.88671875
129,2019-08-06 00:00:00+00:00,2220524229.791176,1132720208.949225,1087804020.841951,66578731.0634613
130,2019-08-07 00:00:00+00:00,2087264598.28946,1021870842.7384235,1065393755.5510365,70507204.25767899
131,2019-08-08 00:00:00+00:00,1552877944.000034,764002009.4492341,788875934.5508001,43848000.0
132,2019-08-09 00:00:00+00:00,1229430757.2783957,603955568.8308364,625475188.4475592,31780704.244422913
133,2019-08-10 00:00:00+00:00,1344451086.9647267,742752182.3459692,601698904.6187575,
134,2019-08-11 00:00:00+00:00,816758617.3057885,383694995.1185519,433063622.1872366,
135,2019-08-12 00:00:00+00:00,590700258.395129,298037857.4879551,292662400.9071739,29067140.75946808
136,2019-08-13 00:00:00+00:00,1072396745.5506389,599615242.0331761,472781503.5174629,69728050.36087036
137,2019-08-14 00:00:00+00:00,1727963064.4923918,928159687.0560656,799803377.4363261,91978425.99992752
138,2019-08-15 00:00:00+00:00,1736186318.7370882,861754727.0873796,874431591.6497086,44408740.13328552
139,2019-08-16 00:00:00+00:00,1569316606.7766507,779703107.5653913,789613499.2112594,43759574.37944412
140,2019-08-17 00:00:00+00:00,781762717.5084888,395269219.024972,386493498.4835167,
141,2019-08-18 00:00:00+00:00,652861649.9011574,310015249.7007069,342846400.2004505,
142,2019-08-19 00:00:00+00:00,1067128503.6938884,480607549.6856324,586520954.0082561,62650276.95636749
143,2019-08-20 00:00:00+00:00,864819702.7909982,437128662.8268434,427691039.96415484,20513250.0
144,2019-08-21 00:00:00+00:00,1385701598.2758,736048267.7065616,649653330.5692385,50933519.70291138
145,2019-08-22 00:00:00+00:00,951526416.6351314,462934519.0891954,488591897.545936,22062347.2366333
146,2019-08-23 00:00:00+00:00,819076089.5411227,396102958.1285111,422973131.4126116,29418815.081501007
147,2019-08-24 00:00:00+00:00,775492598.8254125,391169317.1346581,384323281.6907544,
148,2019-08-25 00:00:00+00:00,710387214.7531121,362397657.9826195,347989556.7704925,
149,2019-08-26 00:00:00+00:00,1255671257.337376,604376784.0113528,651294473.3260235,22572350.397109985
150,2019-08-27 00:00:00+00:00,753502650.46923,374248044.89216846,379254605.5770616,23878933.141326904
151,2019-08-28 00:00:00+00:00,1209730629.0139909,628073283.779247,581657345.2347437,67801246.03729248
152,2019-08-29 00:00:00+00:00,989929088.9727865,510644231.298267,479284857.67451954,41406201.36165619
153,2019-08-30 00:00:00+00:00,718324113.3917884,349916903.12784606,368407210.2639423,15911072.36251831
154,2019-08-31 00:00:00+00:00,410505423.3649463,201336588.52628645,209168834.83865982,
155,2019-09-01 00:00:00+00:00,420838721.99470866,187000227.93683657,233838494.05787206,
156,2019-09-02 00:00:00+00:00,1152770424.8497663,504828529.171849,647941895.6779174,
157,2019-09-03 00:00:00+00:00,1390917157.2086782,671264394.1052865,719652763.1033918,59384905.40161133
158,2019-09-04 00:00:00+00:00,1167127888.210253,583577536.1815087,583550352.0287443,33459702.193832397
159,2019-09-05 00:00:00+00:00,775954866.5955209,393629946.04064715,382324920.5548737,19035990.565109253
160,2019-09-06 00:00:00+00:00,1533452331.717898,774047158.7741776,759405172.9437203,36246043.90697479
161,2019-09-07 00:00:00+00:00,629356355.9054362,280077311.7187726,349279044.1866635,
162,2019-09-08 00:00:00+00:00,557836693.3926578,280888860.2198147,276947833.1728431,
163,2019-09-09 00:00:00+00:00,956413551.6735655,492189083.6802945,464224467.99327105,29013002.90994644
164,2019-09-10 00:00:00+00:00,696096326.977439,354011822.44566965,342084504.53176934,25712290.40699005
165,2019-09-11 00:00:00+00:00,738469881.0458114,351034342.4751752,387435538.5706362,20689343.550109863
166,2019-09-12 00:00:00+00:00,696331046.6080145,315097749.57411885,381233297.03389555,26672380.641937256
167,2019-09-13 00:00:00+00:00,688534022.0796432,306297240.2826932,382236781.79695,18703704.22668457
168,2019-09-14 00:00:00+00:00,522658942.5793424,227485667.25990203,295173275.31944036,
169,2019-09-15 00:00:00+00:00,376069648.61793196,188363191.72934404,187706456.88858792,
170,2019-09-16 00:00:00+00:00,711718402.8016796,362026024.67245615,349692378.1292235,16852325.0
171,2019-09-17 00:00:00+00:00,531800304.51745486,267864858.49497795,263935446.02247694,28769825.9141922
172,2019-09-18 00:00:00+00:00,562895521.762664,284687355.5625139,278208166.2001501,15414006.36434555
173,2019-09-19 00:00:00+00:00,1242991756.0552573,604083697.9809295,638908058.0743277,22587839.318847656
174,2019-09-20 00:00:00+00:00,576339772.3583502,291199512.3663594,285140259.99199075,19150080.28535843
175,2019-09-21 00:00:00+00:00,493292862.18688923,260401353.90190375,232891508.28498548,
176,2019-09-22 00:00:00+00:00,491028551.65798396,239978244.25247332,251050307.40551063,
177,2019-09-23 00:00:00+00:00,839990717.7250744,439429777.6339559,400560940.0911186,30212728.660202026
178,2019-09-24 00:00:00+00:00,2676170720.8325686,1434509183.6840222,1241661537.1485462,103761605.93671799
179,2019-09-25 00:00:00+00:00,1471185286.0523658,728192968.411642,742992317.640724,53003279.00886536
180,2019-09-26 00:00:00+00:00,1617224689.771989,818667942.2954638,798556747.4765253,68004331.29062653
181,2019-09-27 00:00:00+00:00,917945472.5519392,446513012.41842484,471432460.1335144,35249396.72641754
182,2019-09-28 00:00:00+00:00,709696412.0211618,347025206.7104583,362671205.31070346,
183,2019-09-29 00:00:00+00:00,591657075.7335247,305855183.1828089,285801892.5507158,
184,2019-09-30 00:00:00+00:00,1117032128.5704918,528401667.98212934,588630460.5883625,51671787.744522095
185,2019-10-01 00:00:00+00:00,866867823.4988998,413516245.6266317,453351577.87226814,38210038.52767944
186,2019-10-02 00:00:00+00:00,484901085.4111534,236798359.72432733,248102725.68682608,19398245.693588257
187,2019-10-03 00:00:00+00:00,590690022.7504543,304084683.1078143,286605339.64264,19101225.0
188,2019-10-04 00:00:00+00:00,512723674.83087915,248585379.2687668,264138295.5621124,12851332.949924469
189,2019-10-05 00:00:00+00:00,378003498.6769119,191070278.7125223,186933219.9643896,
190,2019-10-06 00:00:00+00:00,669273166.082844,349088958.5196526,320184207.56319135,
191,2019-10-07 00:00:00+00:00,918192115.1725135,429341805.46759355,488850309.70491993,22103400.856018066
192,2019-10-08 00:00:00+00:00,556167282.0358218,281997439.2280965,274169842.80772525,13050607.810020447
193,2019-10-09 00:00:00+00:00,1086297193.5187156,512469779.81413543,573827413.7045801,39597624.436569214
194,2019-10-10 00:00:00+00:00,720185496.2875,348412347.16136265,371773149.1261373,15621025.884628296
195,2019-10-11 00:00:00+00:00,976345394.4959522,510970231.9882294,465375162.5077228,20907072.89428711
196,2019-10-12 00:00:00+00:00,315785395.04430526,146584328.94359896,169201066.10070634,
197,2019-10-13 00:00:00+00:00,472987333.7284238,228810125.47796428,244177208.2504595,
198,2019-10-14 00:00:00+00:00,467508492.53307915,227369565.1910381,240138927.34204105,11658168.320274353
199,2019-10-15 00:00:00+00:00,577876379.3113741,287468431.5548883,290407947.75648576,24737695.288181305
200,2019-10-16 00:00:00+00:00,638407525.9217516,333983692.6154199,304423833.30633175,37891380.99002838
201,2019-10-17 00:00:00+00:00,442292892.783751,207598468.72903395,234694424.0547171,18576870.553016663
202,2019-10-18 00:00:00+00:00,532659024.322385,270724212.13786197,261934812.18452308,17453490.76309204
203,2019-10-19 00:00:00+00:00,406911834.8637654,193577164.36883146,213334670.49493396,
204,2019-10-20 00:00:00+00:00,556952362.6514121,261513414.7069158,295438947.94449633,
205,2019-10-21 00:00:00+00:00,489954449.48239595,237104542.84071726,252849906.64167866,16757731.436157227
206,2019-10-22 00:00:00+00:00,540616249.6378989,289712054.9635457,250904194.67435324,8812540.447235107
207,2019-10-23 00:00:00+00:00,1192607113.5030994,658703115.4821388,533903998.0209606,27047925.60338974
208,2019-10-24 00:00:00+00:00,524133004.5473125,265681256.1603398,258451748.38697267,14708559.206008911
209,2019-10-25 00:00:00+00:00,1844729987.6507823,866968071.4961712,977761916.1546111,85566817.48256683
210,2019-10-26 00:00:00+00:00,3957902792.9977236,1975189701.1628556,1982713091.834868,
211,2019-10-27 00:00:00+00:00,1856120737.2631662,915339740.740369,940780996.5227971,
212,2019-10-28 00:00:00+00:00,1637695538.612753,805190766.2580571,832504772.3546958,55858609.13543701
213,2019-10-29 00:00:00+00:00,1207876946.1086142,601149877.1929885,606727068.9156257,30390646.36707306
214,2019-10-30 00:00:00+00:00,1020128910.26368,519061393.0958708,501067517.1678092,23328585.82019806
215,2019-10-31 00:00:00+00:00,1018877501.5284898,512494387.3019383,506383114.22655153,21323711.780548096
216,2019-11-01 00:00:00+00:00,824911816.6228541,393903520.2714707,431008296.3513834,17009439.710330963
217,2019-11-02 00:00:00+00:00,499885961.0090141,231746672.21573758,268139288.79327658,
218,2019-11-03 00:00:00+00:00,483006856.597067,255861103.95304862,227145752.64401835,
219,2019-11-04 00:00:00+00:00,788928026.3327918,366389069.0414083,422538957.29138356,41550844.927215576
220,2019-11-05 00:00:00+00:00,812781568.0381583,405099950.2802253,407681617.757933,25265354.172706604
221,2019-11-06 00:00:00+00:00,667618981.3132285,330749648.97987527,336869332.3333532,18933599.677562714
222,2019-11-07 00:00:00+00:00,633948345.1098042,319709949.94218266,314238395.16762143,22066816.23210907
223,2019-11-08 00:00:00+00:00,1109409971.5179813,590701886.1275047,518708085.39047664,33136128.34854126
224,2019-11-09 00:00:00+00:00,465622827.95997137,227086694.18996117,238536133.7700102,
225,2019-11-10 00:00:00+00:00,565876344.5132667,267034885.41882616,298841459.0944405,
226,2019-11-11 00:00:00+00:00,747775384.5553508,383615671.1334866,364159713.42186415,15351292.326545715
227,2019-11-12 00:00:00+00:00,645250656.0779519,319060269.7107226,326190386.36722934,15506292.443084717
228,2019-11-13 00:00:00+00:00,434967832.2906625,211407300.90788656,223560531.38277593,11724933.83216858
229,2019-11-14 00:00:00+00:00,522067256.73028225,264296072.33634183,257771184.39394042,12842788.046836853
230,2019-11-15 00:00:00+00:00,834540014.5213841,433304328.89450246,401235685.62688166,16532964.36882019
231,2019-11-16 00:00:00+00:00,320374216.52143216,158803096.02203664,161571120.49939555,
232,2019-11-17 00:00:00+00:00,459961604.08481693,225316565.17427963,234645038.91053733,
233,2019-11-18 00:00:00+00:00,734539778.6786546,392785534.00436157,341754244.674293,29770761.124420166
234,2019-11-19 00:00:00+00:00,674689603.5804586,335289576.1633913,339400027.41706735,28390821.985721588
235,2019-11-20 00:00:00+00:00,601980059.8723245,295608829.5975389,306371230.2747856,19779227.143478394
236,2019-11-21 00:00:00+00:00,1422357250.236896,767527612.0222497,654829638.2146462,41803763.8841629
237,2019-11-22 00:00:00+00:00,2912792863.610556,1514708268.9098566,1398084594.7006998,45632504.25338745
238,2019-11-23 00:00:00+00:00,1051937063.1745888,510616070.6063434,541320992.5682454,
239,2019-11-24 00:00:00+00:00,1327159572.4532497,692895229.1801335,634264343.2731164,
240,2019-11-25 00:00:00+00:00,2563304077.259828,1268759848.5803068,1294544228.6795213,27571999.883651733
241,2019-11-26 00:00:00+00:00,1305398131.7507236,653063495.0951152,652334636.6556084,13014900.0
242,2019-11-27 00:00:00+00:00,1852226158.4625688,896067239.5260931,956158918.9364756,33072075.736618042
243,2019-11-28 00:00:00+00:00,1122571472.0807242,555719361.6058432,566852110.474881,
244,2019-11-29 00:00:00+00:00,1325036981.747909,630722186.7311199,694314795.0167892,21748781.30645752
245,2019-11-30 00:00:00+00:00,944664326.2406571,468461407.68479866,476202918.55585843,
246,2019-12-01 00:00:00+00:00,1216598313.4918597,615416514.8261818,601181798.6656779,
247,2019-12-02 00:00:00+00:00,921396920.7599552,456490239.7575067,464906681.0024485,21593080.45024872
248,2019-12-03 00:00:00+00:00,685462544.1557666,337969196.70541465,347493347.4503519,11969285.695266724
249,2019-12-04 00:00:00+00:00,1687365266.5634742,856260221.5750881,831105044.988386,20243122.938537598
250,2019-12-05 00:00:00+00:00,1183557038.419316,568467961.7468448,615089076.6724713,14027282.668113708
251,2019-12-06 00:00:00+00:00,1001477270.1537323,471799073.94250774,529678196.21122456,13369500.0
252,2019-12-07 00:00:00+00:00,606455134.5159931,302838722.87284696,303616411.64314616,
253,2019-12-08 00:00:00+00:00,572284467.4402502,278819184.7489958,293465282.6912544,
254,2019-12-09 00:00:00+00:00,985396827.3213947,490150352.15719724,495246475.16419744,14067899.513244629
255,2019-12-10 00:00:00+00:00,839360088.2329818,422302707.91013324,417057380.32284856,13488809.405136108
256,2019-12-11 00:00:00+00:00,563947547.8963786,270465511.4533147,293482036.443064,7417509.90152359
257,2019-12-12 00:00:00+00:00,797161177.9182969,397358004.48699015,399803173.4313067,8256955.430984497
258,2019-12-13 00:00:00+00:00,514506387.05350155,244756098.28283855,269750288.77066296,11963189.94808197
259,2019-12-14 00:00:00+00:00,508580597.92106146,266072072.63205212,242508525.28900933,
260,2019-12-15 00:00:00+00:00,479456896.80761415,229319676.19986618,250137220.60774797,
261,2019-12-16 00:00:00+00:00,921442125.4633613,451342530.083428,470099595.3799332,24575133.360290527
262,2019-12-17 00:00:00+00:00,1106981506.4305704,556851561.0900254,550129945.340545,26246367.74997711
263,2019-12-18 00:00:00+00:00,1947108922.2236087,900541773.2182695,1046567149.0053391,29260342.26512909
264,2019-12-19 00:00:00+00:00,1087863413.4633665,542549197.9950387,545314215.4683278,16160911.196517944
265,2019-12-20 00:00:00+00:00,647905112.9774766,303415941.7878628,344489171.1896139,19400136.250019073
266,2019-12-21 00:00:00+00:00,350844472.1644169,166563283.46221828,184281188.7021986,
267,2019-12-22 00:00:00+00:00,810408348.800221,372003317.66695213,438405031.13326883,
268,2019-12-23 00:00:00+00:00,1431832465.2401776,714078608.7142489,717753856.5259289,32863500.0
269,2019-12-24 00:00:00+00:00,967821899.7087661,481711945.2083189,486109954.5004472,16389315.706443787
270,2019-12-25 00:00:00+00:00,544222783.8501699,266571223.933654,277651559.91651595,
271,2019-12-26 00:00:00+00:00,787312040.8146824,376742403.5347551,410569637.2799272,24205607.162475586
272,2019-12-27 00:00:00+00:00,822350711.6811634,410744108.458743,411606603.22242045,22380929.800987244
273,2019-12-28 00:00:00+00:00,566914252.029138,278030815.5898244,288883436.43931353,
274,2019-12-29 00:00:00+00:00,616649809.4946641,293685750.46690965,322964059.0277544,
275,2019-12-30 00:00:00+00:00,612332768.4324193,306209282.1453882,306123486.2870311,21499628.19480896
276,2019-12-31 00:00:00+00:00,378789168.56516,191815461.75191665,186973706.81324333,25338220.701789856
277,2020-01-01 00:00:00+00:00,227849188.2905193,110314948.85100968,117534239.43950962,
278,2020-01-02 00:00:00+00:00,500328558.1682622,256706758.7003695,243621799.46789265,26953248.064422607
279,2020-01-03 00:00:00+00:00,990109636.9612651,472522806.6311522,517586830.3301129,33147092.588806152
280,2020-01-04 00:00:00+00:00,428102825.70191246,203073471.0249603,225029354.67695215,
281,2020-01-05 00:00:00+00:00,709728425.2631902,354772909.5581477,354955515.7050424,
282,2020-01-06 00:00:00+00:00,1490708516.9614594,701344493.5725025,789364023.3889569,31019994.210243225
283,2020-01-07 00:00:00+00:00,2549761930.707382,1205100973.2527413,1344660957.4546409,78652742.97065735
284,2020-01-08 00:00:00+00:00,3228022002.6121,1668077571.0081627,1559944431.6039374,71096093.9669609
285,2020-01-09 00:00:00+00:00,1599486447.267293,806444893.1320344,793041554.1352586,28436610.58320999
286,2020-01-10 00:00:00+00:00,1782327146.6855247,860538374.9219688,921788771.7635559,43060801.71108246
287,2020-01-11 00:00:00+00:00,1171690071.7184331,575961231.6005286,595728840.1179045,
288,2020-01-12 00:00:00+00:00,746208090.4370435,361112722.8097229,385095367.62732065,
289,2020-01-13 00:00:00+00:00,729993541.1255012,364419256.96826005,365574284.1572411,25304862.875175476
290,2020-01-14 00:00:00+00:00,3073980745.6944413,1468920309.1980574,1605060436.496384,69537988.14868927
291,2020-01-15 00:00:00+00:00,1975486787.6301055,977406229.2890064,998080558.3410991,37053908.15105438
292,2020-01-16 00:00:00+00:00,1228211765.0346663,609319433.0335039,618892332.0011624,29906656.469726562
293,2020-01-17 00:00:00+00:00,1758421576.4072614,844983199.007896,913438377.3993653,39389810.806274414
294,2020-01-18 00:00:00+00:00,914897720.4548017,450083737.1997143,464813983.25508744,
295,2020-01-19 00:00:00+00:00,1822996508.2699733,938386609.1437904,884609899.126183,
296,2020-01-20 00:00:00+00:00,859377734.5693485,428228941.3502973,431148793.2190512,
297,2020-01-21 00:00:00+00:00,796392097.3663464,390876680.7367758,405515416.62957054,38934675.08506775
298,2020-01-22 00:00:00+00:00,658931969.8248602,322328020.69470716,336603949.1301531,21911375.386047363
299,2020-01-23 00:00:00+00:00,1128822810.4972901,585883896.9251851,542938913.5721049,38486189.02015686
300,2020-01-24 00:00:00+00:00,883908043.5727966,436656845.77264386,447251197.8001527,22513102.912902832
301,2020-01-25 00:00:00+00:00,500530263.23780245,242856572.97865123,257673690.25915122,
302,2020-01-26 00:00:00+00:00,661336349.8371646,305999403.9254506,355336945.911714,
303,2020-01-27 00:00:00+00:00,1213902829.5338552,564242117.1492771,649660712.3845781,30684553.046417236
304,2020-01-28 00:00:00+00:00,1710740513.0935147,813462748.9122111,897277764.1813036,36781139.58406448
305,2020-01-29 00:00:00+00:00,1278697966.5636683,638335345.58532,640362620.9783481,74644287.38765717
306,2020-01-30 00:00:00+00:00,1329904816.5448902,647536756.7382334,682368059.8066567,84783522.42908478
307,2020-01-31 00:00:00+00:00,1075024075.2208824,545061843.0759742,529962232.14490813,50952048.21681976
308,2020-02-01 00:00:00+00:00,623682450.6783662,301274564.80939573,322407885.86897045,
309,2020-02-02 00:00:00+00:00,1022632734.8957645,504851474.8784189,517781260.01734555,
310,2020-02-03 00:00:00+00:00,1256680594.5024362,614686499.1231664,641994095.3792696,34639412.62483597
311,2020-02-04 00:00:00+00:00,1132757204.9233391,591784932.4234085,540972272.4999306,34019957.87687302
312,2020-02-05 00:00:00+00:00,1528020764.7058823,703310084.7722259,824710679.9336563,80188159.390831
313,2020-02-06 00:00:00+00:00,1526412693.5977943,756175718.4161935,770236975.1816008,62170288.98649216
314,2020-02-07 00:00:00+00:00,1032594850.2584231,504446190.9792578,528148659.27916527,40679036.8683815
315,2020-02-08 00:00:00+00:00,1028158013.122913,495796642.8184331,532361370.3044799,
316,2020-02-09 00:00:00+00:00,1206689090.1466315,565854078.1685821,640835011.9780494,
317,2020-02-10 00:00:00+00:00,1524195861.1443892,794148578.4133302,730047282.7310591,58023085.45379639
318,2020-02-11 00:00:00+00:00,1655840895.0574934,809475147.0405573,846365748.0169362,94460654.16812897
319,2020-02-12 00:00:00+00:00,1616639030.1964087,781426466.5298113,835212563.6665974,84805373.12011719
320,2020-02-13 00:00:00+00:00,2192357956.0673766,1111653561.4160585,1080704394.6513178,70248626.0676384
321,2020-02-14 00:00:00+00:00,1335365368.0396278,645594413.6899503,689770954.3496774,57152337.592315674
322,2020-02-15 00:00:00+00:00,1573288864.3428006,830132842.147337,743156022.1954635,
323,2020-02-16 00:00:00+00:00,1452606360.6613698,736818871.4341631,715787489.2272067,
324,2020-02-17 00:00:00+00:00,1889685397.1273417,951020177.8807286,938665219.2466131,
325,2020-02-18 00:00:00+00:00,1881811428.998338,905123419.5114859,976688009.4868522,85878838.24338913
326,2020-02-19 00:00:00+00:00,1851689567.9047117,980681589.7103413,871007978.1943705,63561017.55399704
327,2020-02-20 00:00:00+00:00,1562335116.495913,786883701.7518287,775451414.7440844,72121868.55373383
328,2020-02-21 00:00:00+00:00,1186274138.5706966,551737804.2974617,634536334.2732348,46017237.939834595
329,2020-02-22 00:00:00+00:00,717852367.2697562,339320143.1824253,378532224.0873309,
330,2020-02-23 00:00:00+00:00,1193558018.8544056,558460707.3350002,635097311.5194054,
331,2020-02-24 00:00:00+00:00,1702781110.78214,859217609.0531406,843563501.7289993,89857242.04730988
332,2020-02-25 00:00:00+00:00,1567064838.3519611,800695693.5230944,766369144.8288667,77932661.37123108
333,2020-02-26 00:00:00+00:00,2582319621.6283045,1411340879.6913805,1170978741.936924,88063105.0816536
334,2020-02-27 00:00:00+00:00,1946986771.7849524,996206121.1741488,950780650.6108037,70391777.53295898
335,2020-02-28 00:00:00+00:00,1576571383.8588622,779696739.8879532,796874643.9709091,46280226.79233551
336,2020-02-29 00:00:00+00:00,798238631.6242,385292480.1804328,412946151.44376725,
337,2020-03-01 00:00:00+00:00,1669086719.8809571,842319698.6015421,826767021.2794149,
338,2020-03-02 00:00:00+00:00,1622944323.8872225,788472989.7446141,834471334.1426084,44953124.01275635
339,2020-03-03 00:00:00+00:00,1551292664.0826483,801027815.0162205,750264849.0664278,41274000.0
340,2020-03-04 00:00:00+00:00,1078360854.1309018,559296246.7185166,519064607.4123853,29930243.88628006
341,2020-03-05 00:00:00+00:00,1639103964.5818238,799668819.0683393,839435145.5134845,69409873.93798828
342,2020-03-06 00:00:00+00:00,1359188526.4718435,678449351.0524836,680739175.4193598,44842271.67663574
343,2020-03-07 00:00:00+00:00,1162406137.866603,601005851.7103099,561400286.156293,
344,2020-03-08 00:00:00+00:00,2217648756.862,1269792074.2557003,947856682.6062994,
345,2020-03-09 00:00:00+00:00,2782858901.776717,1470127621.7913916,1312731279.9853253,80290351.96409225
346,2020-03-10 00:00:00+00:00,2007776132.644954,999866009.9306704,1007910122.7142835,45595315.12699127
347,2020-03-11 00:00:00+00:00,1722318284.650908,858502474.2878875,863815810.3630204,47620186.10115051
348,2020-03-12 00:00:00+00:00,6724894334.617744,3652894867.294869,3071999467.322876,75438210.896492
349,2020-03-13 00:00:00+00:00,7217784665.789213,3566231855.812818,3651552809.9763947,69100353.87687683
350,2020-03-14 00:00:00+00:00,2303307782.9752994,1167808162.4710727,1135499620.5042264,
351,2020-03-15 00:00:00+00:00,2359652269.12875,1155997028.8075752,1203655240.3211744,
352,2020-03-16 00:00:00+00:00,3815566364.1075788,1983976951.6801407,1831589412.427438,40105129.74858284
353,2020-03-17 00:00:00+00:00,2491670329.6367493,1225252238.7029622,1266418090.933787,32993069.484186172
354,2020-03-18 00:00:00+00:00,2340384075.670848,1177804394.2837362,1162579681.3871117,33594098.2793808
355,2020-03-19 00:00:00+00:00,3452558043.978513,1641483956.4088202,1811074087.5696926,61107118.38121414
356,2020-03-20 00:00:00+00:00,4210273946.6855993,2113287100.0352068,2096986846.6503925,48664700.0
357,2020-03-21 00:00:00+00:00,2249482303.994847,1112190341.1215158,1137291962.873331,
358,2020-03-22 00:00:00+00:00,2270478218.784449,1170139317.6206908,1100338901.1637583,
359,2020-03-23 00:00:00+00:00,3110748304.635375,1508873281.7643726,1601875022.8710024,30233950.24061203
360,2020-03-24 00:00:00+00:00,3028957887.712408,1491218483.7428193,1537739403.9695888,34439325.87003708
361,2020-03-25 00:00:00+00:00,2621550695.430358,1309126352.3495114,1312424343.0808465,30618629.602718353
362,2020-03-26 00:00:00+00:00,1664485630.6524816,804675339.2470815,859810291.4054,34676640.629053116
363,2020-03-27 00:00:00+00:00,1814371306.8075774,927505809.4288424,886865497.3787348,28040760.732650757
364,2020-03-28 00:00:00+00:00,1772995657.5250385,907700073.6776093,865295583.8474292,
365,2020-03-29 00:00:00+00:00,1233660941.3189652,610783788.3820703,622877152.936895,
366,2020-03-30 00:00:00+00:00,2090373427.4862947,997089122.3491882,1093284305.1371067,25763520.697021484
367,2020-03-31 00:00:00+00:00,1237672921.657621,635132003.7797849,602540917.877836,19049559.693813324
368,2020-04-01 00:00:00+00:00,1863614421.2741442,887023706.367879,976590714.9062651,27764825.510787964
369,2020-04-02 00:00:00+00:00,2940256756.309835,1458762807.5780804,1481493948.7317548,61610230.325603485
370,2020-04-03 00:00:00+00:00,2069197768.4319317,1007069314.6832125,1062128453.7487193,22887304.058361053
371,2020-04-04 00:00:00+00:00,1449856504.4974017,701123252.7666628,748733251.7307388,
372,2020-04-05 00:00:00+00:00,986496095.2744272,502261001.47931,484235093.7951172,
373,2020-04-06 00:00:00+00:00,2577998914.731831,1229102970.3672197,1348895944.3646116,39037679.06341553
374,2020-04-07 00:00:00+00:00,2206519449.307707,1113905842.7844205,1092613606.5232863,26579433.47053528
375,2020-04-08 00:00:00+00:00,1663217116.518888,801983796.781664,861233319.737224,18608424.773931503
376,2020-04-09 00:00:00+00:00,1254648247.944889,649507953.7041014,605140294.2407876,25540320.624542236
377,2020-04-10 00:00:00+00:00,2054381979.8693695,1076393923.838511,977988056.0308585,
378,2020-04-11 00:00:00+00:00,966483300.3612072,467551764.6532883,498931535.70791894,
379,2020-04-12 00:00:00+00:00,1418827174.381159,691663759.7855074,727163414.5956515,
380,2020-04-13 00:00:00+00:00,1685001683.2735662,869047367.1346557,815954316.1389107,31151800.0
381,2020-04-14 00:00:00+00:00,1215685023.103734,621601504.9149549,594083518.1887792,21486428.776359558
382,2020-04-15 00:00:00+00:00,1442668438.4578676,701379874.2563415,741288564.2015263,19171463.94882202
383,2020-04-16 00:00:00+00:00,2871190882.1797323,1429152857.8017163,1442038024.378016,24640687.509155273
384,2020-04-17 00:00:00+00:00,1295646498.0254266,639964909.3356465,655681588.68978,21148014.353752136
385,2020-04-18 00:00:00+00:00,1248381500.0924234,594524241.0375583,653857259.0548651,
386,2020-04-19 00:00:00+00:00,1074904671.6411455,543136478.0290571,531768193.61208826,
387,2020-04-20 00:00:00+00:00,1991842033.8284943,1029985766.8766989,961856266.9517956,27810080.726623535
388,2020-04-21 00:00:00+00:00,1257923363.1680374,610862590.6043513,647060772.563686,24302016.186904907
389,2020-04-22 00:00:00+00:00,1337624636.1624968,673624098.1238134,664000538.0386834,27135569.32783127
390,2020-04-23 00:00:00+00:00,2440790812.245567,1160126124.3737667,1280664687.8718,64099905.7970047
391,2020-04-24 00:00:00+00:00,1502568553.4368215,742439335.8478348,760129217.5889866,35791155.79843521
392,2020-04-25 00:00:00+00:00,1250962490.9218688,613162664.9310354,637799825.9908334,
393,2020-04-26 00:00:00+00:00,1393524048.039041,673940331.7273949,719583716.3116462,
394,2020-04-27 00:00:00+00:00,1625804656.115779,792801633.5055858,833003022.6101931,33349760.78929901
395,2020-04-28 00:00:00+00:00,1346234416.5181727,651746522.99649,694487893.5216827,38187238.265800476
396,2020-04-29 00:00:00+00:00,4557839982.223355,2162981453.061839,2394858529.1615157,95107203.77922058
397,2020-04-30 00:00:00+00:00,4980478483.514014,2510584183.380061,2469894300.1339536,81275501.05762482
398,2020-05-01 00:00:00+00:00,2385728101.876414,1171452712.0748806,1214275389.8015332,45732987.73727417
399,2020-05-02 00:00:00+00:00,1795719535.7856143,881997767.1145407,913721768.6710734,
400,2020-05-03 00:00:00+00:00,2544428817.9721003,1261780506.728966,1282648311.243134,
401,2020-05-04 00:00:00+00:00,2449299087.6470475,1239267028.4323065,1210032059.2147408,45809160.22691727
402,2020-05-05 00:00:00+00:00,2259243780.5908804,1112210610.3720827,1147033170.2187977,43147052.85129547
403,2020-05-06 00:00:00+00:00,3153794184.0704446,1542931787.7090044,1610862396.3614402,62341400.0
404,2020-05-07 00:00:00+00:00,4249353941.7975326,2027721247.6513045,2221632694.146228,163841955.2192688
405,2020-05-08 00:00:00+00:00,2682551259.304659,1347230669.5416346,1335320589.7630243,142843327.6205063
406,2020-05-09 00:00:00+00:00,2648357640.649143,1378095776.985603,1270261863.6635401,
407,2020-05-10 00:00:00+00:00,5705164414.368493,2977297272.6115713,2727867141.756922,
408,2020-05-11 00:00:00+00:00,4370262637.417417,2165410433.0221252,2204852204.3952913,136934174.49235916
409,2020-05-12 00:00:00+00:00,2226165191.630175,1099612882.7059083,1126552308.9242668,95499921.0281372
410,2020-05-13 00:00:00+00:00,2270248931.454251,1092931432.29909,1177317499.1551611,84048096.28601074
411,2020-05-14 00:00:00+00:00,3351441215.578203,1647978923.175199,1703462292.4030044,76541881.23722076
412,2020-05-15 00:00:00+00:00,2931135870.754363,1508137776.0348208,1422998094.7195423,65322076.127529144
413,2020-05-16 00:00:00+00:00,1910686688.2829447,961548962.5074662,949137725.7754786,
414,2020-05-17 00:00:00+00:00,2329625027.7506285,1138992164.8486984,1190632862.9019303,
415,2020-05-18 00:00:00+00:00,2499723901.0684037,1231220981.763937,1268502919.3044667,53305237.28713989
416,2020-05-19 00:00:00+00:00,2534775301.574214,1251077634.1473625,1283697667.4268515,31363807.580566406
417,2020-05-20 00:00:00+00:00,2592825179.324901,1362797396.7831461,1230027782.5417547,54790349.36199188
418,2020-05-21 00:00:00+00:00,3285104922.800713,1701955314.1976418,1583149608.603071,79680095.42541504
419,2020-05-22 00:00:00+00:00,1919273621.9894025,925846341.6807386,993427280.308664,34407281.507492065
420,2020-05-23 00:00:00+00:00,1471539735.1747265,736812450.6033071,734727284.5714194,
421,2020-05-24 00:00:00+00:00,2142194127.659626,1126852576.0356884,1015341551.6239376,
422,2020-05-25 00:00:00+00:00,1828750371.14521,940399408.7761397,888350962.3690702,
423,2020-05-26 00:00:00+00:00,1700211104.4321578,847147695.4115852,853063409.0205724,47326821.41876221
424,2020-05-27 00:00:00+00:00,2015905624.1906738,986315286.6475192,1029590337.5431546,35065525.87308884
425,2020-05-28 00:00:00+00:00,3182840686.8644547,1510199143.1821673,1672641543.6822875,35064064.36882019
426,2020-05-29 00:00:00+00:00,2444938699.376575,1243400487.125554,1201538212.251021,22521609.710025787
427,2020-05-30 00:00:00+00:00,1972071103.3512487,925035210.5085149,1047035892.8427339,
428,2020-05-31 00:00:00+00:00,1695054478.8296356,834433286.8292019,860621192.0004338,
429,2020-06-01 00:00:00+00:00,2815055127.316152,1248612393.306051,1566442734.0101013,35731655.15413284
430,2020-06-02 00:00:00+00:00,4214579997.0481496,2205600629.0300336,2008979368.018116,126211088.57822418
431,2020-06-03 00:00:00+00:00,1708235967.1528597,818347780.9967623,889888186.1560975,37834776.50909424
432,2020-06-04 00:00:00+00:00,1960135727.7811728,963270853.5116794,996864874.2694933,45899488.20877075
433,2020-06-05 00:00:00+00:00,1232323350.905946,636861430.4664476,595461920.4394983,43421790.44151306
434,2020-06-06 00:00:00+00:00,1129222472.7157452,569135896.8391281,560086575.8766171,
435,2020-06-07 00:00:00+00:00,1966293309.7161412,974979557.1915365,991313752.5246047,
436,2020-06-08 00:00:00+00:00,1399742310.1245048,668634442.9193293,731107867.2051756,45463079.70046997
437,2020-06-09 00:00:00+00:00,1758376983.7569864,856156996.4148854,902219987.342101,31617565.2677536
438,2020-06-10 00:00:00+00:00,1972446679.8564332,943521970.1146743,1028924709.7417588,113568915.70472717
439,2020-06-11 00:00:00+00:00,3577384428.19528,1943097286.50905,1634287141.6862302,119459882.1097374
440,2020-06-12 00:00:00+00:00,1153616175.4299977,564214396.1136982,589401779.3162994,45573056.47935867
441,2020-06-13 00:00:00+00:00,1149746250.5907602,584228644.8256677,565517605.7650925,
442,2020-06-14 00:00:00+00:00,1107830041.8335671,564587181.4154829,543242860.4180841,
443,2020-06-15 00:00:00+00:00,2614689038.960192,1346172958.2937608,1268516080.6664314,42646330.34448624
444,2020-06-16 00:00:00+00:00,1881020520.8166852,924079373.9416121,956941146.8750731,28243949.308395386
445,2020-06-17 00:00:00+00:00,1702554193.6505547,871224678.5616229,831329515.0889319,22192869.60439682
446,2020-06-18 00:00:00+00:00,1453261495.3182447,749437017.8454702,703824477.4727744,25638513.815116882
447,2020-06-19 00:00:00+00:00,1089950978.9885814,563032325.5532467,526918653.4353346,30303153.233337402
448,2020-06-20 00:00:00+00:00,745325043.9722421,381148860.1949303,364176183.77731186,
449,2020-06-21 00:00:00+00:00,1271896768.8262541,614281118.5053442,657615650.32091,
450,2020-06-22 00:00:00+00:00,2119865418.4949424,974958876.8495184,1144906541.6454241,55475756.296634674
451,2020-06-23 00:00:00+00:00,1688061495.8638825,778639267.0469387,909422228.8169439,46954048.6907959
452,2020-06-24 00:00:00+00:00,2059086695.126559,1095032939.9142663,964053755.2122926,57853378.91817093
453,2020-06-25 00:00:00+00:00,1988698513.9625514,1019896482.894303,968802031.0682485,35650213.20705414
454,2020-06-26 00:00:00+00:00,1690640712.6744928,859103076.1652108,831537636.5092819,67980508.66327286
455,2020-06-27 00:00:00+00:00,1398655075.520368,714108716.7237298,684546358.7966383,
456,2020-06-28 00:00:00+00:00,888696786.4195814,418040153.5575648,470656632.8620166,
457,2020-06-29 00:00:00+00:00,1190428881.7131975,559464099.0924963,630964782.6207013,44329686.93084717
458,2020-06-30 00:00:00+00:00,1292715818.2849612,615811484.6735656,676904333.6113956,34218771.36917114
459,2020-07-01 00:00:00+00:00,1051755297.5475863,494796650.1142669,556958647.4333194,34023360.79788208
460,2020-07-02 00:00:00+00:00,1352450330.710629,672468905.5122252,679981425.1984038,42969882.475185394
461,2020-07-03 00:00:00+00:00,998685082.5839825,480466825.9446802,518218256.63930225,
462,2020-07-04 00:00:00+00:00,716676257.3963059,342009816.9701971,374666440.42610884,
463,2020-07-05 00:00:00+00:00,1050507328.9610628,530214295.43362075,520293033.52744204,
464,2020-07-06 00:00:00+00:00,2218449587.4421663,1032399677.8547884,1186049909.5873778,32674766.620635986
465,2020-07-07 00:00:00+00:00,1314420655.2897022,640201529.4263211,674219125.8633811,24759552.864074707
466,2020-07-08 00:00:00+00:00,1849686279.205028,891578508.0768709,958107771.128157,41317933.69483948
467,2020-07-09 00:00:00+00:00,1615924262.33111,834688581.9167769,781235680.414333,30463754.646778107
468,2020-07-10 00:00:00+00:00,1255760375.069048,597232763.5717925,658527611.4972554,18681000.0
469,2020-07-11 00:00:00+00:00,725452507.8863589,348271273.6919975,377181234.1943613,
470,2020-07-12 00:00:00+00:00,882652313.1488492,442820605.0733181,439831708.0755311,
471,2020-07-13 00:00:00+00:00,1268722722.412217,603273211.9092709,665449510.5029461,28722241.141319275
472,2020-07-14 00:00:00+00:00,1232241764.7884343,630218052.038942,602023712.7494923,16714020.910549164
473,2020-07-15 00:00:00+00:00,1015241284.0991718,523194732.4834282,492046551.61574364,18806473.53029251
474,2020-07-16 00:00:00+00:00,1384448863.1282387,665332229.5769454,719116633.5512933,22350518.00737381
475,2020-07-17 00:00:00+00:00,826997867.9056784,426008041.2102781,400989826.69540024,24733403.90110016
476,2020-07-18 00:00:00+00:00,716980589.0045297,324513835.0960779,392466753.90845186,
477,2020-07-19 00:00:00+00:00,655930938.639941,327667310.42558515,328263628.2143559,
478,2020-07-20 00:00:00+00:00,1025440445.6208743,474047395.6627241,551393049.9581501,25927608.209991455
479,2020-07-21 00:00:00+00:00,1646422958.3189034,812064556.4229112,834358401.8959924,48298844.43998337
480,2020-07-22 00:00:00+00:00,1398182766.4584496,691899839.2330192,706282927.2254303,42703919.6767807
481,2020-07-23 00:00:00+00:00,1566171618.562391,784220075.9798998,781951542.5824913,80552708.24241638
482,2020-07-24 00:00:00+00:00,1327832355.899006,695783536.0567689,632048819.8422371,45550554.50220108
483,2020-07-25 00:00:00+00:00,1343459653.2683258,681808260.5902998,661651392.6780258,
484,2020-07-26 00:00:00+00:00,2230078569.1676984,1063768126.3609278,1166310442.8067706,
485,2020-07-27 00:00:00+00:00,5510274788.704227,2590402798.547005,2919871990.1572223,249369022.17063904
486,2020-07-28 00:00:00+00:00,3717854815.988046,1885390263.932954,1832464552.055092,240846642.86727905
487,2020-07-29 00:00:00+00:00,2862434025.788925,1408222206.579977,1454211819.208948,144595039.4662857
488,2020-07-30 00:00:00+00:00,2286653150.2881436,1172330927.3531334,1114322222.9350102,100133755.62458038
489,2020-07-31 00:00:00+00:00,2589533617.956064,1271673271.1454108,1317860346.8106532,112510570.31593323
490,2020-08-01 00:00:00+00:00,3182450120.7881503,1505472094.2321246,1676978026.5560257,
491,2020-08-02 00:00:00+00:00,3855056007.3762894,1957904031.6616416,1897151975.7146478,
492,2020-08-03 00:00:00+00:00,2020952087.3012297,1015202750.2514693,1005749337.0497605,137199233.56933594
493,2020-08-04 00:00:00+00:00,2115593609.7611635,1110690965.4979103,1004902644.263253,89059078.71313095
494,2020-08-05 00:00:00+00:00,2599589520.524871,1280934095.1696196,1318655425.3552516,114422201.26152039
495,2020-08-06 00:00:00+00:00,2519825072.8784285,1302993386.1614707,1216831686.7169578,123079336.42339706
496,2020-08-07 00:00:00+00:00,2626210044.6890674,1374049570.7374666,1252160473.9516008,152907790.91291428
497,2020-08-08 00:00:00+00:00,1526374677.795738,743875555.8038576,782499121.9918805,
498,2020-08-09 00:00:00+00:00,1433530068.846944,751569288.3672613,681960780.4796828,
499,2020-08-10 00:00:00+00:00,2890189642.8946376,1437289846.6272953,1452899796.2673423,109992301.62858963
500,2020-08-11 00:00:00+00:00,3164748451.3688717,1650236433.5824277,1514512017.786444,99890471.51813507
501,2020-08-12 00:00:00+00:00,2679983767.0799828,1356698471.303685,1323285295.7762978,56485928.71246338
502,2020-08-13 00:00:00+00:00,2698632512.6677346,1333315065.6638703,1365317447.0038645,45502186.808395386
503,2020-08-14 00:00:00+00:00,1934673765.085331,996821027.621575,937852737.463756,68914858.03813934
504,2020-08-15 00:00:00+00:00,2109307481.558021,1066125306.0688199,1043182175.4892012,
505,2020-08-16 00:00:00+00:00,1488010505.8494046,751434798.4163656,736575707.4330388,
506,2020-08-17 00:00:00+00:00,3313481966.119834,1615881873.3539693,1697600092.7658646,168772450.0
507,2020-08-18 00:00:00+00:00,3298257749.98409,1698547882.7900999,1599709867.1939902,118288680.8221817
508,2020-08-19 00:00:00+00:00,2533148922.770572,1321330622.7074564,1211818300.0631158,88931286.24744415
509,2020-08-20 00:00:00+00:00,1289874567.777474,683530991.812572,606343575.9649018,69054071.25587463
510,2020-08-21 00:00:00+00:00,2012823791.622971,1065263089.0370535,947560702.5859177,69016275.61225891
511,2020-08-22 00:00:00+00:00,1469042492.4541674,774852229.7059005,694190262.7482668,
512,2020-08-23 00:00:00+00:00,1166972629.6592333,618724776.7190566,548247852.9401767,
513,2020-08-24 00:00:00+00:00,1501456214.5032597,758604609.2911431,742851605.2121167,42891464.83478546
514,2020-08-25 00:00:00+00:00,2528732210.701018,1329094069.6270404,1199638141.0739775,104468000.0
515,2020-08-26 00:00:00+00:00,1941895349.4111195,983993912.7417314,957901436.6693879,56246035.44216156
516,2020-08-27 00:00:00+00:00,2275286014.6241755,1185468513.1175594,1089817501.506616,57726577.53753662
517,2020-08-28 00:00:00+00:00,1655582286.896155,860094058.0938424,795488228.8023127,38056919.450092316
518,2020-08-29 00:00:00+00:00,1406310599.3752272,752798876.2816693,653511723.0935581,
519,2020-08-30 00:00:00+00:00,1630681574.6084025,789150980.7359264,841530593.8724761,
520,2020-08-31 00:00:00+00:00,1866926490.1597373,927161090.5055801,939765399.6541574,51523591.983127594
521,2020-09-01 00:00:00+00:00,2616822002.6876173,1289497783.2446308,1327324219.4429867,73438242.02270508
522,2020-09-02 00:00:00+00:00,3221257572.6902475,1665909964.6742835,1555347608.015964,78969434.17358398
523,2020-09-03 00:00:00+00:00,4194684883.229528,2259430868.772004,1935254014.4575238,135405305.15670776
524,2020-09-04 00:00:00+00:00,3212923455.7618794,1653341438.081272,1559582017.6806073,109614071.08898163
525,2020-09-05 00:00:00+00:00,3138070595.1654177,1630281524.5692084,1507789070.5962093,
526,2020-09-06 00:00:00+00:00,1624013253.3645077,800632420.935331,823380832.4291767,
527,2020-09-07 00:00:00+00:00,2007578588.4121535,1029567092.2474936,978011496.1646597,
528,2020-09-08 00:00:00+00:00,2285916346.921752,1193133866.670492,1092782480.2512598,76063501.6494751
529,2020-09-09 00:00:00+00:00,1491867583.8313265,746193150.1018577,745674433.7294688,33706594.26527023
530,2020-09-10 00:00:00+00:00,1772306839.8803694,910653399.7969639,861653440.0834054,53867648.45781326
531,2020-09-11 00:00:00+00:00,1297545978.3328242,665580978.312002,631965000.0208222,28987992.68989563
532,2020-09-12 00:00:00+00:00,1067735380.17372,557960844.0068429,509774536.16687727,
533,2020-09-13 00:00:00+00:00,1458034846.8467672,767248437.2888461,690786409.5579209,
534,2020-09-14 00:00:00+00:00,1968648425.3188078,987068169.8965906,981580255.4222174,44387234.71508026
535,2020-09-15 00:00:00+00:00,1942354220.8041239,962153999.392109,980200221.4120147,40101809.359931946
536,2020-09-16 00:00:00+00:00,2044898826.117335,1037175344.3550727,1007723481.7622623,55426555.92851639
537,2020-09-17 00:00:00+00:00,1733111527.6948483,877084517.8887424,856027009.806106,34413278.88031006
538,2020-09-18 00:00:00+00:00,1386156083.5649025,696599635.6360414,689556447.9288613,30121317.412757874
539,2020-09-19 00:00:00+00:00,1135587005.6639583,554464144.8303331,581122860.8336252,
540,2020-09-20 00:00:00+00:00,1219197702.9736514,638381576.082428,580816126.8912235,
541,2020-09-21 00:00:00+00:00,2144972092.6069784,1114248764.3010526,1030723328.305926,64722287.99467087
542,2020-09-22 00:00:00+00:00,1547396177.6791997,778867489.8065556,768528687.8726441,27045747.09854126
543,2020-09-23 00:00:00+00:00,1620698686.8461113,837027665.6595716,783671021.1865396,65541150.87919235
544,2020-09-24 00:00:00+00:00,1769205426.340695,877861673.6640217,891343752.6766733,64779298.44245911
545,2020-09-25 00:00:00+00:00,1563659156.6799703,789007941.976793,774651214.7031772,45859949.13063049
546,2020-09-26 00:00:00+00:00,1012629318.4148203,495204809.09671545,517424509.31810486,
547,2020-09-27 00:00:00+00:00,1033210096.537481,532333471.1076102,500876625.4298707,
548,2020-09-28 00:00:00+00:00,1672258001.8376532,850693212.9614843,821564788.8761687,44088695.39718628
549,2020-09-29 00:00:00+00:00,1388763991.2079468,707183675.0520703,681580316.1558765,43865205.93805313
550,2020-09-30 00:00:00+00:00,1309068772.2476315,661008200.6354088,648060571.6122229,42094085.024642944
551,2020-10-01 00:00:00+00:00,1939924402.04885,1002655057.1832591,937269344.8655908,58199066.38727188
552,2020-10-02 00:00:00+00:00,1709421070.9310944,875724200.3393567,833696870.5917376,47400640.501499176
553,2020-10-03 00:00:00+00:00,852053076.0629953,443668498.9590528,408384577.1039425,
554,2020-10-04 00:00:00+00:00,875609650.9309021,427314969.1124694,448294681.81843275,
555,2020-10-05 00:00:00+00:00,1138125989.010894,578979605.6334934,559146383.3774008,25331495.400333405
556,2020-10-06 00:00:00+00:00,1436300810.1636066,735133713.5938531,701167096.5697536,40268570.49150467
557,2020-10-07 00:00:00+00:00,1083748231.3854084,559866375.0379909,523881856.34741765,27330658.665275574
558,2020-10-08 00:00:00+00:00,1681708459.7159245,826634110.4726595,855074349.2432652,80742877.66265869
559,2020-10-09 00:00:00+00:00,1506085312.3660984,721415869.7169731,784669442.6491253,77458373.01254272
560,2020-10-10 00:00:00+00:00,1541107321.533883,738296925.1297272,802810396.4041559,
561,2020-10-11 00:00:00+00:00,898745437.0000178,461483587.90043,437261849.0995878,
562,2020-10-12 00:00:00+00:00,1767561209.3196046,865849565.168156,901711644.1514486,120635391.13664627
563,2020-10-13 00:00:00+00:00,1532390068.4845686,792105149.3211738,740284919.1633948,54905300.50754547
564,2020-10-14 00:00:00+00:00,1441454730.2678125,738637406.6461825,702817323.6216298,58512419.08521652
565,2020-10-15 00:00:00+00:00,1597925164.5869405,785660734.8152905,812264429.7716501,48520139.25666809
566,2020-10-16 00:00:00+00:00,1691630574.1479897,874756175.8558637,816874398.292126,44023332.080841064
567,2020-10-17 00:00:00+00:00,748186001.0980632,372002021.8994614,376183979.1986019,
568,2020-10-18 00:00:00+00:00,745155687.617781,332634913.6261905,412520773.99159056,
569,2020-10-19 00:00:00+00:00,1533970058.3594315,742943384.8860885,791026673.4733431,83142248.50559235
570,2020-10-20 00:00:00+00:00,2017619848.39685,970713856.9544437,1046905991.4424064,97409898.73428345
571,2020-10-21 00:00:00+00:00,4139262189.2327857,1935387650.885299,2203874538.3474865,229327538.72394562
572,2020-10-22 00:00:00+00:00,2550146264.919666,1274463674.8861685,1275682590.033497,158599350.0
573,2020-10-23 00:00:00+00:00,1715452830.5119238,865700850.7379746,849751979.7739493,98228342.78173447
574,2020-10-24 00:00:00+00:00,1268221409.2540047,620470892.2210011,647750517.0330036,
575,2020-10-25 00:00:00+00:00,1516861953.2008944,768823642.3058602,748038310.8950342,
576,2020-10-26 00:00:00+00:00,1989906250.9360373,1009824334.0310571,980081916.9049802,141096561.1228943
577,2020-10-27 00:00:00+00:00,2797150004.6594224,1344395807.8051999,1452754196.8542223,223972878.090477
578,2020-10-28 00:00:00+00:00,3187456668.726767,1643196082.019265,1544260586.7075024,171136978.2485962
579,2020-10-29 00:00:00+00:00,2389494291.874892,1186122271.6665099,1203372020.2083824,117769051.76639557
580,2020-10-30 00:00:00+00:00,2481496739.545648,1254674442.1834273,1226822297.3622205,106854088.79508972
581,2020-10-31 00:00:00+00:00,2428391728.0483904,1137870650.8068419,1290521077.2415485,
582,2020-11-01 00:00:00+00:00,1363840499.0305793,711307941.8542278,652532557.1763515,
583,2020-11-02 00:00:00+00:00,2193931845.023287,1161551877.5281184,1032379967.4951684,95374093.40744019
584,2020-11-03 00:00:00+00:00,2361199641.6949444,1134104727.273987,1227094914.420957,100046502.49500275
585,2020-11-04 00:00:00+00:00,3043685936.020973,1494217837.5102751,1549468098.510698,126812408.08553696
586,2020-11-05 00:00:00+00:00,4986612192.262853,2364345423.3471375,2622266768.915715,258115699.84169006
587,2020-11-06 00:00:00+00:00,4373076884.034436,2207974267.3235526,2165102616.710884,180218247.4067688
588,2020-11-07 00:00:00+00:00,3690452902.6927204,2009618071.8370035,1680834830.855717,
589,2020-11-08 00:00:00+00:00,2319594285.442835,1155164043.5081017,1164430241.9347332,
590,2020-11-09 00:00:00+00:00,3889871812.938259,1992491278.0010796,1897380534.9371796,256561918.29071045
591,2020-11-10 00:00:00+00:00,2279397882.754687,1180543237.9117334,1098854644.8429537,104481885.44845581
592,2020-11-11 00:00:00+00:00,2792610024.548919,1329313707.3966596,1463296317.1522596,173804183.716774
593,2020-11-12 00:00:00+00:00,3921231254.9914217,1887282279.780835,2033948975.2105868,181013757.72857666
594,2020-11-13 00:00:00+00:00,2879848830.6414404,1448845472.7910075,1431003357.8504326,160318135.82763672
595,2020-11-14 00:00:00+00:00,2167447779.6319966,1128663169.0324554,1038784610.5995411,
596,2020-11-15 00:00:00+00:00,1644292900.265838,818721960.1419126,825570940.1239252,
597,2020-11-16 00:00:00+00:00,3006547329.4204335,1428680684.4202857,1577866645.000148,220912845.14923096
598,2020-11-17 00:00:00+00:00,4372127740.018292,2045829869.1977334,2326297870.8205585,332144061.48605347
599,2020-11-18 00:00:00+00:00,6218164170.394087,3108389263.131568,3109774907.2625194,392440575.8041382
600,2020-11-19 00:00:00+00:00,3559203733.4205275,1793582860.6816492,1765620872.7388785,211667074.01714325
601,2020-11-20 00:00:00+00:00,3652837085.27702,1758396442.8074377,1894440642.469582,307759100.68359375
602,2020-11-21 00:00:00+00:00,3265741398.9688716,1646771584.7612474,1618969814.2076242,
603,2020-11-22 00:00:00+00:00,3431449721.281625,1812992645.194449,1618457076.0871758,
604,2020-11-23 00:00:00+00:00,3649943549.3888016,1855384505.1496208,1794559044.2391808,338157452.17609406
605,2020-11-24 00:00:00+00:00,5085520077.14555,2488916036.852523,2596604040.2930274,390819270.6680298
606,2020-11-25 00:00:00+00:00,3674915544.706617,1896895757.268515,1778019787.4381018,365561055.48992157
607,2020-11-26 00:00:00+00:00,8391972778.227518,4469045234.44198,3922927543.785538,
608,2020-11-27 00:00:00+00:00,3724949230.8812985,1840081535.893125,1884867694.9881735,412991257.92541504
609,2020-11-28 00:00:00+00:00,2617007079.660907,1256740697.5093298,1360266382.1515768,
610,2020-11-29 00:00:00+00:00,2306794248.1007357,1128663311.038636,1178130937.0620995,
611,2020-11-30 00:00:00+00:00,5487494497.823478,2608696598.4174066,2878797899.406071,479419985.0463867
612,2020-12-01 00:00:00+00:00,6241620924.502754,3181588395.949507,3060032528.553247,380808588.32855225
613,2020-12-02 00:00:00+00:00,3629178159.1628003,1827785080.7951784,1801393078.367622,199561135.7925415
614,2020-12-03 00:00:00+00:00,2900781581.5083985,1412041929.163471,1488739652.3449273,227764800.0
615,2020-12-04 00:00:00+00:00,3280726356.8589735,1706173578.1411262,1574552778.7178473,243719434.7929001
616,2020-12-05 00:00:00+00:00,1838183793.9373815,903825313.9661223,934358479.9712592,
617,2020-12-06 00:00:00+00:00,1819162369.5616443,897982479.1607416,921179890.4009027,
618,2020-12-07 00:00:00+00:00,2147446498.8588624,1097632197.5847435,1049814301.2741189,240187230.2093506
619,2020-12-08 00:00:00+00:00,3406927311.321888,1806308228.7763536,1600619082.5455344,288646435.3919983
620,2020-12-09 00:00:00+00:00,3952285185.0372715,2063258184.981677,1889027000.0555944,275300185.8139038
621,2020-12-10 00:00:00+00:00,2661233324.0918226,1371449103.429083,1289784220.6627393,267176965.45524597
622,2020-12-11 00:00:00+00:00,3345689273.6690545,1707677951.996186,1638011321.6728687,180642533.34960938
623,2020-12-12 00:00:00+00:00,2206150776.954777,1042153784.5765022,1163996992.3782747,
624,2020-12-13 00:00:00+00:00,2723896020.364775,1317345148.323847,1406550872.0409281,
625,2020-12-14 00:00:00+00:00,2200370904.097865,1121287237.6313329,1079083666.4665322,206792543.25065613
626,2020-12-15 00:00:00+00:00,3161820877.940645,1550032790.3666975,1611788087.5739477,206595087.0443344
627,2020-12-16 00:00:00+00:00,6462854853.7278385,2931496804.151891,3531358049.575947,479072305.08708954
628,2020-12-17 00:00:00+00:00,9634439508.822674,4742620503.480779,4891819005.341896,810636575.0
629,2020-12-18 00:00:00+00:00,4028084792.3390346,2007727618.0270865,2020357174.3119478,326720938.9266968
630,2020-12-19 00:00:00+00:00,4832806614.895214,2363301513.2261534,2469505101.6690607,
631,2020-12-20 00:00:00+00:00,4232851806.4743094,2155758412.9306164,2077093393.5436928,
632,2020-12-21 00:00:00+00:00,5901793819.263209,3003908493.125488,2897885326.137722,583818459.5552444
633,2020-12-22 00:00:00+00:00,4757914253.12631,2323445576.531029,2434468676.5952816,370189699.5651245
634,2020-12-23 00:00:00+00:00,6408702362.0352125,3264687398.992555,3144014963.042658,319259726.72252655
635,2020-12-24 00:00:00+00:00,3847643211.2664256,1856903506.1559873,1990739705.1104383,344369324.8031616
636,2020-12-25 00:00:00+00:00,4663959936.770492,2250793325.422145,2413166611.3483467,
637,2020-12-26 00:00:00+00:00,5903785757.624762,2823438302.5290055,3080347455.0957565,
638,2020-12-27 00:00:00+00:00,9409108099.437931,4737268131.83693,4671839967.601,
639,2020-12-28 00:00:00+00:00,4522380882.218461,2319484275.909774,2202896606.3086877,593756744.8768616
640,2020-12-29 00:00:00+00:00,4588054312.695925,2282042026.880795,2306012285.8151298,500886142.7295685
641,2020-12-30 00:00:00+00:00,6693892946.693427,3273133811.9342217,3420759134.7592053,596032877.6435852
642,2020-12-31 00:00:00+00:00,6355432850.470888,3176449107.249568,3178983743.22132,455068800.0
643,2021-01-01 00:00:00+00:00,3945502604.228356,1967531117.7282817,1977971486.5000741,
644,2021-01-02 00:00:00+00:00,10505919372.803392,5039662979.505685,5466256393.297708,
645,2021-01-03 00:00:00+00:00,9921590120.862162,4946852998.407891,4974737122.45427,
646,2021-01-04 00:00:00+00:00,12278494986.159422,6236148303.7970085,6042346682.362412,800448465.7806396
647,2021-01-05 00:00:00+00:00,10042718630.237803,4857652844.538797,5185065785.699004,757814887.0658875
648,2021-01-06 00:00:00+00:00,12129885592.41616,5921486472.2876835,6208399120.128478,1779292409.3605042
649,2021-01-07 00:00:00+00:00,14461107331.548344,6988452361.860153,7472654969.68819,1466889960.8184814
650,2021-01-08 00:00:00+00:00,15682080541.926111,7833422708.837056,7848657833.089056,1027243551.6555786
651,2021-01-09 00:00:00+00:00,7862695549.219863,3946772356.826259,3915923192.3936043,
652,2021-01-10 00:00:00+00:00,12499540449.932947,6598153568.424578,5901386881.50837,
653,2021-01-11 00:00:00+00:00,25596177189.345726,13270658385.613163,12325518803.732565,1487543920.690155
654,2021-01-12 00:00:00+00:00,13910476363.231586,7054792829.220912,6855683534.010674,625810218.5577393
655,2021-01-13 00:00:00+00:00,12060454827.825733,5803353508.387846,6257101319.437887,499355441.116333
656,2021-01-14 00:00:00+00:00,10590260991.584875,5303227408.786028,5287033582.798847,568223192.0654297
657,2021-01-15 00:00:00+00:00,11817505953.447283,5999391173.025855,5818114780.421428,710441062.7555847
658,2021-01-16 00:00:00+00:00,8162213787.704673,4160235030.0718837,4001978757.6327896,
659,2021-01-17 00:00:00+00:00,7246065484.943117,3676745849.5711074,3569319635.37201,
660,2021-01-18 00:00:00+00:00,6517258919.740477,3236531339.413345,3280727580.327132,
661,2021-01-19 00:00:00+00:00,7596681168.930108,3871801321.8207765,3724879847.1093316,566052907.5393677
662,2021-01-20 00:00:00+00:00,9078567918.587925,4658639836.799899,4419928081.788026,679557765.6669617
663,2021-01-21 00:00:00+00:00,14027645138.370726,7393985911.16644,6633659227.204286,914695028.7033081
664,2021-01-22 00:00:00+00:00,10904643907.023472,5477181356.082125,5427462550.941346,589828798.0625153
665,2021-01-23 00:00:00+00:00,5280466839.259299,2660044207.040557,2620422632.218742,
666,2021-01-24 00:00:00+00:00,4721410383.244135,2391968132.368698,2329442250.875437,
667,2021-01-25 00:00:00+00:00,7863397298.096844,3901501703.321579,3961895594.7752647,408193930.5770874
668,2021-01-26 00:00:00+00:00,7342602200.172549,3679671011.4504914,3662931188.7220583,308736327.6123047
669,2021-01-27 00:00:00+00:00,9482952130.66829,4805535400.354476,4677416730.313813,541071334.0530396
670,2021-01-28 00:00:00+00:00,8329043158.859251,4137914487.330346,4191128671.5289044,389605740.80085754
671,2021-01-29 00:00:00+00:00,22099512490.832756,10885940298.843668,11213572191.98909,670176083.4693909
672,2021-01-30 00:00:00+00:00,7571450577.264235,3773910072.7213235,3797540504.542911,
673,2021-01-31 00:00:00+00:00,5427704083.241718,2798592277.489454,2629111805.7522645,
674,2021-02-01 00:00:00+00:00,6758222410.385314,3315808215.5417385,3442414194.8435755,309620611.9579315
675,2021-02-02 00:00:00+00:00,5598611868.382741,2730354335.6152606,2868257532.7674804,364430392.4446106
676,2021-02-03 00:00:00+00:00,7245380613.134598,3571659305.649873,3673721307.4847255,388722018.02597046
677,2021-02-04 00:00:00+00:00,9205147760.095821,4657519773.757602,4547627986.33822,364180639.21661377
678,2021-02-05 00:00:00+00:00,7373285382.46777,3659093355.1580067,3714192027.309763,295869324.34272766
679,2021-02-06 00:00:00+00:00,9466446641.62068,4523943923.882464,4942502717.738216,
680,2021-02-07 00:00:00+00:00,7597572130.640463,3884577626.8092265,3712994503.8312364,
681,2021-02-08 00:00:00+00:00,14830849194.41681,6908888070.964753,7921961123.452057,1104066833.815384
682,2021-02-09 00:00:00+00:00,13695651820.34955,6756094639.976884,6939557180.372666,668066111.2815857
683,2021-02-10 00:00:00+00:00,11267417981.701426,5521471183.372372,5745946798.329055,637804550.8255005
684,2021-02-11 00:00:00+00:00,10260193113.86439,4935925572.771205,5324267541.093184,567273600.0
685,2021-02-12 00:00:00+00:00,9321916506.762552,4681414221.568835,4640502285.193718,479102794.50531006
686,2021-02-13 00:00:00+00:00,6547468426.261065,3292598474.860907,3254869951.4001575,
687,2021-02-14 00:00:00+00:00,7689887406.2233095,3623415648.762643,4066471757.4606667,
688,2021-02-15 00:00:00+00:00,9079860121.544388,4650498846.198618,4429361275.34577,
689,2021-02-16 00:00:00+00:00,11230951042.609848,5358557648.758788,5872393393.851059,677992459.0065002
690,2021-02-17 00:00:00+00:00,10775985557.774984,5085858979.937878,5690126577.837108,771497790.6455994
691,2021-02-18 00:00:00+00:00,7823900520.436137,3938500438.833776,3885400081.602361,774704652.3460388
692,2021-02-19 00:00:00+00:00,10668254094.937754,4983714482.582583,5684539612.35517,1020804133.7356567
693,2021-02-20 00:00:00+00:00,11411282630.23278,5845106964.897869,5566175665.334911,
694,2021-02-21 00:00:00+00:00,7560965803.572231,3624352276.4223623,3936613527.149869,
695,2021-02-22 00:00:00+00:00,19433202848.891724,9996322626.068975,9436880222.822748,1021315000.0
696,2021-02-23 00:00:00+00:00,24680985823.48059,12684004776.636616,11996981046.843977,1324684324.4094849
697,2021-02-24 00:00:00+00:00,12145045703.72947,6022292094.57981,6122753609.149658,619520019.53125
698,2021-02-25 00:00:00+00:00,10994284929.1046,5600970886.952869,5393314042.1517315,565944449.8672485
699,2021-02-26 00:00:00+00:00,13771187300.735415,7075843128.709367,6695344172.026048,948132016.7446136
700,2021-02-27 00:00:00+00:00,7286068429.587598,3732087623.46572,3553980806.121877,
701,2021-02-28 00:00:00+00:00,9690578835.516037,4955202288.05656,4735376547.459476,
702,2021-03-01 00:00:00+00:00,10390715898.909004,5011295322.82084,5379420576.088163,591554524.0600586
703,2021-03-02 00:00:00+00:00,8075108858.677761,4015903042.2133174,4059205816.4644437,311985748.44703674
704,2021-03-03 00:00:00+00:00,9972730472.454473,4862724911.334095,5110005561.120379,474907926.43013
705,2021-03-04 00:00:00+00:00,10310319553.25843,5203976302.007375,5106343251.251056,698682985.7513428
706,2021-03-05 00:00:00+00:00,9497225028.341808,4754310844.610827,4742914183.730981,1034345741.9830322
707,2021-03-06 00:00:00+00:00,5349755667.609555,2744575728.37826,2605179939.231295,
708,2021-03-07 00:00:00+00:00,6811660842.844645,3391503828.5248556,3420157014.3197894,
709,2021-03-08 00:00:00+00:00,8471990977.852996,4187627873.215021,4284363104.6379747,520674457.4996948
710,2021-03-09 00:00:00+00:00,9574231301.976927,4749362176.214242,4824869125.762686,504575365.0279999
711,2021-03-10 00:00:00+00:00,11884638930.012335,5883874021.546602,6000764908.465734,608287025.9094238
712,2021-03-11 00:00:00+00:00,11135800551.934486,5521925552.659267,5613874999.275218,464476293.2243347
713,2021-03-12 00:00:00+00:00,10760004222.22742,5421368251.296748,5338635970.930672,451955000.0
714,2021-03-13 00:00:00+00:00,12203859197.126905,5681388845.054382,6522470352.072522,
715,2021-03-14 00:00:00+00:00,7580559648.577779,3890306275.0833898,3690253373.4943886,
716,2021-03-15 00:00:00+00:00,14875825231.073519,7566948099.573437,7308877131.500081,509093602.583313
717,2021-03-16 00:00:00+00:00,11165575651.534748,5622421793.217424,5543153858.317324,303712221.7178345
718,2021-03-17 00:00:00+00:00,10321449610.963182,5041135749.965417,5280313860.997765,478089657.434845
719,2021-03-18 00:00:00+00:00,9874208515.753029,4920553865.225337,4953654650.527692,525040068.1907654
720,2021-03-19 00:00:00+00:00,7799734152.4400015,3898163491.320248,3901570661.1197534,342661225.8483887
721,2021-03-20 00:00:00+00:00,7449737162.178576,3698065075.090249,3751672087.0883274,
722,2021-03-21 00:00:00+00:00,7317509274.928757,3663912130.537038,3653597144.391719,
723,2021-03-22 00:00:00+00:00,9372438957.283272,4787372732.942419,4585066224.340852,341144100.0
724,2021-03-23 00:00:00+00:00,8433760232.300756,4243833863.450332,4189926368.850424,537582925.0
725,2021-03-24 00:00:00+00:00,12110265172.142687,6170030536.303559,5940234635.839128,648499500.0
726,2021-03-25 00:00:00+00:00,11817715167.654055,5905014456.139213,5912700711.514841,730485300.0
727,2021-03-26 00:00:00+00:00,9020680394.712048,4398065476.186787,4622614918.52526,407599686.67907715
728,2021-03-27 00:00:00+00:00,6879186112.1888075,3472099196.300224,3407086915.8885837,
729,2021-03-28 00:00:00+00:00,5801855687.988781,2976424556.2961264,2825431131.692655,
730,2021-03-29 00:00:00+00:00,9737235187.671213,4750960363.686938,4986274823.984274,323467289.99061584
731,2021-03-30 00:00:00+00:00,7896698011.888479,3863205059.1115007,4033492952.776979,339980715.95840454
732,2021-03-31 00:00:00+00:00,9254795093.398153,4638431238.103571,4616363855.294583,327236585.98709106
733,2021-04-01 00:00:00+00:00,6815257893.017983,3526917365.428696,3288340527.5892873,332769013.9808655
734,2021-04-02 00:00:00+00:00,7565098057.926267,3801478142.1061344,3763619915.8201323,
735,2021-04-03 00:00:00+00:00,7649860315.064183,3970344368.9975486,3679515946.066635,
736,2021-04-04 00:00:00+00:00,4587173915.293,2297205299.8486195,2289968615.4443808,
737,2021-04-05 00:00:00+00:00,6247612196.7758875,3125376685.82512,3122235510.950768,523288972.53990173
738,2021-04-06 00:00:00+00:00,7616366996.654598,3849862630.3820133,3766504366.2725844,358966660.4255676
739,2021-04-07 00:00:00+00:00,11123890409.850155,5592246571.608042,5531643838.242113,409820304.3708801
740,2021-04-08 00:00:00+00:00,5894538622.607882,2910771092.7028413,2983767529.9050407,220842716.5649414
741,2021-04-09 00:00:00+00:00,5580381745.326813,2801972967.1306043,2778408778.1962085,223524306.86950684
742,2021-04-10 00:00:00+00:00,9539356800.710005,4679814686.849333,4859542113.860672,
743,2021-04-11 00:00:00+00:00,5449290255.790031,2720875434.3594704,2728414821.4305615,
744,2021-04-12 00:00:00+00:00,7695723600.999169,3863203486.9082623,3832520114.0909076,426206347.9522705
745,2021-04-13 00:00:00+00:00,11654349901.525879,5532323429.568314,6122026471.957565,637940544.54422
746,2021-04-14 00:00:00+00:00,12887563512.099756,6554335444.603479,6333228067.496277,804285800.0
747,2021-04-15 00:00:00+00:00,7603672338.600668,3779592658.142521,3824079680.458147,364712609.4200134
748,2021-04-16 00:00:00+00:00,13224629900.071617,6695324633.853293,6529305266.218323,330211490.13404846
749,2021-04-17 00:00:00+00:00,8395020234.856204,4241799049.726288,4153221185.129916,
750,2021-04-18 00:00:00+00:00,21817396971.8736,11054459189.379583,10762937782.494017,
751,2021-04-19 00:00:00+00:00,10743140940.472757,5335516049.908598,5407624890.564159,620007894.865036
752,2021-04-20 00:00:00+00:00,10931634952.03435,5448007488.692521,5483627463.341829,362677436.0507965
753,2021-04-21 00:00:00+00:00,8988085113.286594,4679904338.171418,4308180775.115177,327798858.9706421
754,2021-04-22 00:00:00+00:00,15521459644.938519,8101179181.822228,7420280463.11629,658211067.1386719
755,2021-04-23 00:00:00+00:00,17246882741.753315,8945224947.393896,8301657794.359418,580865209.4974518
756,2021-04-24 00:00:00+00:00,7317102491.276475,3673172304.4078,3643930186.8686748,
757,2021-04-25 00:00:00+00:00,7707133127.1154175,4006317090.5311255,3700816036.584292,
758,2021-04-26 00:00:00+00:00,11375294364.447952,5547447724.594897,5827846639.853054,367091767.7799225
759,2021-04-27 00:00:00+00:00,7216583956.154377,3660274621.8295865,3556309334.3247905,240671658.94241333
760,2021-04-28 00:00:00+00:00,7902894990.244196,4004312318.411458,3898582671.832738,198438243.27697754
761,2021-04-29 00:00:00+00:00,7918683184.344592,3967599715.5693555,3951083468.775237,370049400.0
762,2021-04-30 00:00:00+00:00,9418559949.106083,4449530640.168067,4969029308.938016,352564978.5171509
763,2021-05-01 00:00:00+00:00,6384424442.751499,3200821685.806601,3183602756.9448977,
764,2021-05-02 00:00:00+00:00,5063932032.357039,2607680727.8167357,2456251304.5403037,
765,2021-05-03 00:00:00+00:00,8335618508.459534,4183291700.6070523,4152326807.8524814,361111130.5000305
766,2021-05-04 00:00:00+00:00,12265479639.319004,6333696844.430324,5931782794.88868,359784927.62145996
767,2021-05-05 00:00:00+00:00,10749045993.628077,5357414473.889565,5391631519.738511,411536900.27008057
768,2021-05-06 00:00:00+00:00,9913120906.18467,4988589552.372775,4924531353.811895,300314909.1644287
769,2021-05-07 00:00:00+00:00,9858295347.829819,4868844846.951573,4989450500.878244,343199111.819458
770,2021-05-08 00:00:00+00:00,10023480216.38238,4968470063.134914,5055010153.247465,
771,2021-05-09 00:00:00+00:00,10003880662.859974,5079014102.232737,4924866560.627238,
772,2021-05-10 00:00:00+00:00,13249915372.168642,6774070174.226855,6475845197.941787,384484066.61376953
773,2021-05-11 00:00:00+00:00,9044673887.795078,4589267107.822299,4455406779.97278,313764012.95928955
774,2021-05-12 00:00:00+00:00,13809875996.158337,7217174889.082751,6592701107.075586,501533120.5871582
775,2021-05-13 00:00:00+00:00,20924984056.67886,10638648494.865192,10286335561.81367,813984608.429718
776,2021-05-14 00:00:00+00:00,9414969521.233353,4806290427.403492,4608679093.829861,352933989.7315979
777,2021-05-15 00:00:00+00:00,10342849197.780212,5380106431.946702,4962742765.83351,
778,2021-05-16 00:00:00+00:00,13406286962.505676,6882507219.279728,6523779743.225949,
779,2021-05-17 00:00:00+00:00,19304144710.40946,9935011451.255468,9369133259.15399,636642800.0
780,2021-05-18 00:00:00+00:00,12613267800.47637,6415509157.682662,6197758642.793707,363850427.30407715
781,2021-05-19 00:00:00+00:00,37370663791.269806,19552687576.35527,17817976214.914536,991538733.5899353
782,2021-05-20 00:00:00+00:00,20881395572.544052,10311135913.513216,10570259659.030836,418396465.341568
783,2021-05-21 00:00:00+00:00,20902890634.89038,10715433092.399632,10187457542.490747,450329115.7072067
784,2021-05-22 00:00:00+00:00,12293266643.468279,6175514591.167532,6117752052.300748,
785,2021-05-23 00:00:00+00:00,20307899271.666553,10342440317.560339,9965458954.106215,
786,2021-05-24 00:00:00+00:00,14801429183.016806,7299872686.63424,7501556496.3825655,406499891.6038513
787,2021-05-25 00:00:00+00:00,10320967368.640568,5233444898.908893,5087522469.731676,271162457.9696655
788,2021-05-26 00:00:00+00:00,10168333066.305008,5161280339.128153,5007052727.176854,213478634.9182129
789,2021-05-27 00:00:00+00:00,8116863599.022732,4087950934.581963,4028912664.4407682,188329668.6882019
790,2021-05-28 00:00:00+00:00,11970110413.423502,6180366154.9149065,5789744258.5085945,299903273.18573
791,2021-05-29 00:00:00+00:00,9474937947.713318,4805477888.20447,4669460059.508847,
792,2021-05-30 00:00:00+00:00,6179583999.238967,3091726967.4593,3087857031.7796664,
793,2021-05-31 00:00:00+00:00,8020259634.42137,4011741991.430155,4008517642.9912148,
794,2021-06-01 00:00:00+00:00,7152600647.909872,3604910904.2411337,3547689743.668738,253338001.85165405
795,2021-06-02 00:00:00+00:00,6043179295.651407,2973455883.245827,3069723412.40558,194076442.38052368
796,2021-06-03 00:00:00+00:00,6440561891.710601,3183835684.948869,3256726206.7617316,222537900.0
797,2021-06-04 00:00:00+00:00,7716686609.1698475,4047005248.9062953,3669681360.2635517,214319307.35416412
798,2021-06-05 00:00:00+00:00,6516886249.535,3313597350.3996043,3203288899.135395,
799,2021-06-06 00:00:00+00:00,4244733380.8330593,2049267754.378298,2195465626.4547615,
800,2021-06-07 00:00:00+00:00,6899887986.390498,3564578456.552873,3335309529.837625,239613920.12462616
801,2021-06-08 00:00:00+00:00,10168412998.496948,5163079532.901442,5005333465.595506,486095593.510437
802,2021-06-09 00:00:00+00:00,11815749450.064838,5561895081.24888,6253854368.815958,367000274.65114594
803,2021-06-10 00:00:00+00:00,9515179453.133387,4760663979.353176,4754515473.780211,242102556.96201324
804,2021-06-11 00:00:00+00:00,7021754847.918233,3502010764.6325064,3519744083.285726,143508675.20141602
805,2021-06-12 00:00:00+00:00,7592934256.48468,3965581499.5413446,3627352756.943336,
806,2021-06-13 00:00:00+00:00,7632654764.509754,3600122142.6337037,4032532621.8760505,
807,2021-06-14 00:00:00+00:00,10260265443.340803,5067138439.704519,5193127003.636284,323175077.88848877
808,2021-06-15 00:00:00+00:00,7822284295.181975,3918212190.314213,3904072104.8677626,245237017.9573059
809,2021-06-16 00:00:00+00:00,8521169225.445976,4392379294.648474,4128789930.797503,245297874.1607666
810,2021-06-17 00:00:00+00:00,7960259885.5650215,4049813060.9601297,3910446824.6048923,191933275.40531158
811,2021-06-18 00:00:00+00:00,8624196750.400768,4481649754.126405,4142546996.274363,231987034.06066895
812,2021-06-19 00:00:00+00:00,6810362434.196354,3551032117.8886905,3259330316.307664,
813,2021-06-20 00:00:00+00:00,8094396223.207584,4263639601.7242594,3830756621.4833245,
814,2021-06-21 00:00:00+00:00,14786989148.752962,7634872677.812965,7152116470.939996,335524569.241333
815,2021-06-22 00:00:00+00:00,16252244055.80007,8349435885.764146,7902808170.035924,653484509.3399048
816,2021-06-23 00:00:00+00:00,10073545355.947369,4977426581.926679,5096118774.020691,243465419.0208435
817,2021-06-24 00:00:00+00:00,6996522370.611346,3398682036.8576756,3597840333.753671,237640981.89849854
818,2021-06-25 00:00:00+00:00,10452974621.53291,5067088452.523172,5385886169.009738,253396562.7937317
819,2021-06-26 00:00:00+00:00,8676605430.703049,4541533620.770102,4135071809.932947,
820,2021-06-27 00:00:00+00:00,8303563874.728796,4327242212.644898,3976321662.083897,
821,2021-06-28 00:00:00+00:00,6184968887.333534,3089661002.6849833,3095307884.6485505,249669225.0
822,2021-06-29 00:00:00+00:00,7631899235.015006,3759819839.535957,3872079395.479049,258077032.04250336
823,2021-06-30 00:00:00+00:00,6323312759.87991,3266680628.915818,3056632130.964092,198436223.44493866
824,2021-07-01 00:00:00+00:00,6025438451.616405,3068765721.4321656,2956672730.1842394,195042271.29592896
825,2021-07-02 00:00:00+00:00,4686306512.613127,2348493780.18439,2337812732.428737,181677343.51501465
826,2021-07-03 00:00:00+00:00,3830023075.9360113,1881911405.8897767,1948111670.0462346,
827,2021-07-04 00:00:00+00:00,3434454956.5283446,1724925477.6829846,1709529478.84536,
828,2021-07-05 00:00:00+00:00,5071422214.537743,2618003697.338007,2453418517.199735,
829,2021-07-06 00:00:00+00:00,4993057884.087815,2501447518.6721563,2491610365.4156585,182463899.63760376
830,2021-07-07 00:00:00+00:00,4602870466.726364,2410348651.8492494,2192521814.8771143,179489125.0
831,2021-07-08 00:00:00+00:00,6123404460.840639,3034195766.99487,3089208693.8457685,196890917.25883484
832,2021-07-09 00:00:00+00:00,4175494941.6083007,1999214751.8438995,2176280189.764401,101771353.59592438
833,2021-07-10 00:00:00+00:00,3327496313.4948072,1646353700.0175757,1681142613.4772315,
834,2021-07-11 00:00:00+00:00,2528492647.3677764,1170263760.4943967,1358228886.8733797,
835,2021-07-12 00:00:00+00:00,4040069434.044182,2013271339.6323717,2026798094.4118102,111753358.41522217
836,2021-07-13 00:00:00+00:00,3273287735.14308,1676233637.0878332,1597054098.055247,132034318.09215546
837,2021-07-14 00:00:00+00:00,3677555815.8548117,1877742959.052845,1799812856.801967,153724027.20050812
838,2021-07-15 00:00:00+00:00,3836536819.7128487,1958026979.6632833,1878509840.049565,213273195.82557678
839,2021-07-16 00:00:00+00:00,4427104898.021743,2336021806.620098,2091083091.401645,115167343.35365295
840,2021-07-17 00:00:00+00:00,3116195451.370354,1598934479.6557834,1517260971.714571,
841,2021-07-18 00:00:00+00:00,2995889262.241919,1519750425.6619332,1476138836.579986,
842,2021-07-19 00:00:00+00:00,3110655718.5570693,1694991202.2544668,1415664516.3026025,176669200.0
843,2021-07-20 00:00:00+00:00,4277934548.2667828,2326886929.552113,1951047618.7146695,185150967.52853394
844,2021-07-21 00:00:00+00:00,5372304775.894945,2581677956.52119,2790626819.3737545,204509906.39476776
845,2021-07-22 00:00:00+00:00,3282702788.318284,1637059508.6288755,1645643279.6894085,173660995.1019287
846,2021-07-23 00:00:00+00:00,5365920618.436648,2778964673.293581,2586955945.1430674,134098363.63391876
847,2021-07-24 00:00:00+00:00,4153109606.85737,2015545430.249465,2137564176.6079047,
848,2021-07-25 00:00:00+00:00,3432354419.176736,1600113603.869844,1832240815.306892,
849,2021-07-26 00:00:00+00:00,15041890972.192703,7275087349.713616,7766803622.479086,563678037.272644
850,2021-07-27 00:00:00+00:00,8447681402.375297,4108273461.7218294,4339407940.653467,322093200.0
851,2021-07-28 00:00:00+00:00,10198972594.082956,5148239012.576592,5050733581.506365,358987277.1141052
852,2021-07-29 00:00:00+00:00,5325299479.602654,2694005564.1698675,2631293915.432787,234747110.4888916
853,2021-07-30 00:00:00+00:00,7659799572.668735,3769383468.0153346,3890416104.6533995,171830574.51934814
854,2021-07-31 00:00:00+00:00,5384121387.203017,2642798822.712298,2741322564.490719,
855,2021-08-01 00:00:00+00:00,5783497819.708615,3036120208.1680326,2747377611.5405827,
856,2021-08-02 00:00:00+00:00,4973262201.587744,2541725924.452551,2431536277.1351924,184474670.80497742
857,2021-08-03 00:00:00+00:00,5096056555.6547365,2657248798.0583816,2438807757.596355,188807445.97187042
858,2021-08-04 00:00:00+00:00,5066341546.6150465,2492652020.2862773,2573689526.3287687,608443760.7940674
859,2021-08-05 00:00:00+00:00,8367972395.826931,4147289125.061865,4220683270.765066,202805575.34179688
860,2021-08-06 00:00:00+00:00,8245084331.950895,3989442956.6383357,4255641375.3125596,255300085.10017395
861,2021-08-07 00:00:00+00:00,8631515211.166779,4134449868.180134,4497065342.986645,
862,2021-08-08 00:00:00+00:00,7679147942.105803,3877101195.486671,3802046746.6191316,
863,2021-08-09 00:00:00+00:00,8729270686.549616,4319145599.431708,4410125087.117907,316152398.74305725
864,2021-08-10 00:00:00+00:00,6259840768.357721,3199377765.473561,3060463002.884161,228126775.3955841
865,2021-08-11 00:00:00+00:00,5911751911.504093,2937871311.9376493,2973880599.5664434,216428154.05273438
866,2021-08-12 00:00:00+00:00,6590037213.632142,3416953813.185472,3173083400.4466705,172227139.01062012
867,2021-08-13 00:00:00+00:00,5702206008.057035,2667962216.8339562,3034243791.223079,160666696.52748108
868,2021-08-14 00:00:00+00:00,5514786043.023836,2828261990.42019,2686524052.6036463,
869,2021-08-15 00:00:00+00:00,5060911807.636702,2564936570.928936,2495975236.707765,
870,2021-08-16 00:00:00+00:00,6051859356.118183,3005189543.3670464,3046669812.751137,153402796.44737244
871,2021-08-17 00:00:00+00:00,6353462242.651023,3263155655.678317,3090306586.972706,182841326.0482788
872,2021-08-18 00:00:00+00:00,6758666980.507283,3410583680.2422867,3348083300.264996,194802564.09606934
873,2021-08-19 00:00:00+00:00,6969994827.929848,3449713340.742762,3520281487.1870856,242856481.87294006
874,2021-08-20 00:00:00+00:00,7086954006.074935,3434714229.336351,3652239776.738584,290426179.43573
875,2021-08-21 00:00:00+00:00,5874827715.802064,2986529956.5759993,2888297759.226064,
876,2021-08-22 00:00:00+00:00,4286178576.2446446,2133433873.7169225,2152744702.527722,
877,2021-08-23 00:00:00+00:00,6179775848.024035,3147888833.6827264,3031887014.341309,253023311.87438965
878,2021-08-24 00:00:00+00:00,5929722268.900347,3121577372.5062275,2808144896.394119,206879916.80755615
879,2021-08-25 00:00:00+00:00,5225227107.806491,2691228599.9978547,2533998507.808636,182854699.00741577
880,2021-08-26 00:00:00+00:00,5959501300.2383585,3163637234.2729216,2795864065.965437,160099622.70812988
881,2021-08-27 00:00:00+00:00,5689932780.1522045,2753877946.909824,2936054833.242381,180270097.026062
882,2021-08-28 00:00:00+00:00,3507187034.1781683,1762361297.5724313,1744825736.6057367,
883,2021-08-29 00:00:00+00:00,4270432180.8107815,2180863446.9609127,2089568733.8498685,
884,2021-08-30 00:00:00+00:00,5133078373.952647,2598027054.7297535,2535051319.2228937,119812004.69970703
885,2021-08-31 00:00:00+00:00,5722438619.43486,2848899208.454489,2873539410.9803705,140436415.70205688
886,2021-09-01 00:00:00+00:00,5988772597.547269,3002379028.61686,2986393568.9304085,227428585.98251343
887,2021-09-02 00:00:00+00:00,6721733167.062054,3345120171.999294,3376612995.06276,256002266.0003662
888,2021-09-03 00:00:00+00:00,7675165017.3314905,3851627630.400672,3823537386.930819,220280056.52427673
889,2021-09-04 00:00:00+00:00,4001747728.8661017,2061353440.9937413,1940394287.8723605,
890,2021-09-05 00:00:00+00:00,5022390489.042743,2405254147.493859,2617136341.548884,
891,2021-09-06 00:00:00+00:00,6582408703.795781,3450771143.3598704,3131637560.4359107,
892,2021-09-07 00:00:00+00:00,15944656774.86152,8372923798.831358,7571732976.030163,482686258.53157043
893,2021-09-08 00:00:00+00:00,8189937508.138101,4207906666.486648,3982030841.6514525,174816938.13285828
894,2021-09-09 00:00:00+00:00,5648685512.821614,2841796434.3760934,2806889078.445521,132999932.70950317
895,2021-09-10 00:00:00+00:00,6663574405.591693,3454989989.0454993,3208584416.546193,180327356.2614441
896,2021-09-11 00:00:00+00:00,4120818587.4360137,2063506773.0078516,2057311814.4281623,
897,2021-09-12 00:00:00+00:00,3188618685.111421,1604793937.485329,1583824747.6260922,
898,2021-09-13 00:00:00+00:00,7952608759.478226,4046236847.054456,3906371912.423769,199030389.45007324
899,2021-09-14 00:00:00+00:00,4985379512.421435,2604717891.3690085,2380661621.0524273,142141820.30296326
900,2021-09-15 00:00:00+00:00,4820696187.45034,2469421076.0960436,2351275111.3542967,172437779.85610962
901,2021-09-16 00:00:00+00:00,4947256542.294097,2570290950.2495613,2376965592.044535,127421600.0
902,2021-09-17 00:00:00+00:00,4414633347.617949,2262919609.317478,2151713738.3004704,94630771.91505432
903,2021-09-18 00:00:00+00:00,5433914233.42642,2821169970.3272424,2612744263.0991774,
904,2021-09-19 00:00:00+00:00,4184115944.9369392,2189096040.659823,1995019904.277116,
905,2021-09-20 00:00:00+00:00,10380018851.985937,5465465303.381881,4914553548.604056,299235936.1427307
906,2021-09-21 00:00:00+00:00,9946542730.660412,5193023081.57786,4753519649.082553,183034153.68347168
907,2021-09-22 00:00:00+00:00,6753475590.523289,3210674066.576563,3542801523.946726,193039877.91137695
908,2021-09-23 00:00:00+00:00,5677011420.467406,2777322350.720295,2899689069.747112,131486601.76391602
909,2021-09-24 00:00:00+00:00,10117485062.31947,5171724190.346955,4945760871.972513,230049557.9235077
910,2021-09-25 00:00:00+00:00,4232158744.8831177,2095953239.4768348,2136205505.4062831,
911,2021-09-26 00:00:00+00:00,5463886744.11782,2729254234.423734,2734632509.6940856,
912,2021-09-27 00:00:00+00:00,4686896611.534968,2508155717.4760804,2178740894.058888,125170579.11758423
913,2021-09-28 00:00:00+00:00,5075752888.785952,2571525664.157788,2504227224.628164,168428577.64434814
914,2021-09-29 00:00:00+00:00,3786228422.7579794,1876670644.7042031,1909557778.053776,109927484.34448242
915,2021-09-30 00:00:00+00:00,5017646831.041756,2455210270.398942,2562436560.642813,174293642.1432495
916,2021-10-01 00:00:00+00:00,8706346247.405264,4317608796.354715,4388737451.050548,319346799.2076874
917,2021-10-02 00:00:00+00:00,3686867900.3234625,1871441664.8541946,1815426235.4692678,
918,2021-10-03 00:00:00+00:00,3915843446.6220818,1981032555.3501735,1934810891.271908,
919,2021-10-04 00:00:00+00:00,5864448855.612541,2974954987.0360317,2889493868.5765095,341342738.3174896
920,2021-10-05 00:00:00+00:00,6520250397.630843,3137616781.8857374,3382633615.7451057,287779118.2273865
921,2021-10-06 00:00:00+00:00,12473784782.13205,6159540209.833369,6314244572.29868,418332774.06311035
922,2021-10-07 00:00:00+00:00,6972127587.634721,3640718659.2322783,3331408928.402442,280084389.85710144
923,2021-10-08 00:00:00+00:00,6609123575.003578,3321355167.220695,3287768407.782883,207512574.7478485
924,2021-10-09 00:00:00+00:00,5962147801.034238,3116948155.7646904,2845199645.269547,
925,2021-10-10 00:00:00+00:00,8738498466.745592,4353478132.538954,4385020334.206637,
926,2021-10-11 00:00:00+00:00,7047735156.433492,3383149058.1364975,3664586098.2969937,342749925.37841797
927,2021-10-12 00:00:00+00:00,8649971140.720999,4475173674.437217,4174797466.2837815,325150025.84381104
928,2021-10-13 00:00:00+00:00,8247735722.791447,4090287097.495124,4157448625.2963233,328909771.2402344
929,2021-10-14 00:00:00+00:00,6733492815.339598,3534760974.955163,3198731840.3844347,330937297.8755951
930,2021-10-15 00:00:00+00:00,12950553391.67043,6117624567.110635,6832928824.559795,551790765.2240753
931,2021-10-16 00:00:00+00:00,5742374122.168543,2987333974.9439554,2755040147.224587,
932,2021-10-17 00:00:00+00:00,6051665019.122644,3054550383.9986553,2997114635.1239896,
933,2021-10-18 00:00:00+00:00,9293009102.78472,4602019894.874497,4690989207.910222,462799715.46936035
934,2021-10-19 00:00:00+00:00,10697701530.247274,5376666103.198636,5321035427.048638,749211243.3166504
935,2021-10-20 00:00:00+00:00,10256176343.151539,4846572586.273551,5409603756.877989,708131475.0
936,2021-10-21 00:00:00+00:00,12299897567.8872,6518103262.193805,5781794305.693395,559908302.9571533
937,2021-10-22 00:00:00+00:00,8623685427.284811,4435955135.764186,4187730291.5206246,445896750.0
938,2021-10-23 00:00:00+00:00,4433101352.885226,2258320366.206765,2174780986.678461,
939,2021-10-24 00:00:00+00:00,5385588764.732254,2632199329.7125273,2753389435.0197268,
940,2021-10-25 00:00:00+00:00,5669799371.603232,2787588780.374897,2882210591.2283354,381038870.4299927
941,2021-10-26 00:00:00+00:00,6506883019.624453,3405027539.4344735,3101855480.1899786,292922181.8084717
942,2021-10-27 00:00:00+00:00,9487427823.744984,4895032967.566974,4592394856.17801,390187846.3745117
943,2021-10-28 00:00:00+00:00,8620988461.427265,4409755365.1817875,4211233096.2454777,251389873.0911255
944,2021-10-29 00:00:00+00:00,6858231602.868032,3345416527.474867,3512815075.393165,233150442.55638123
945,2021-10-30 00:00:00+00:00,4961786488.642424,2482923980.1875167,2478862508.454907,
946,2021-10-31 00:00:00+00:00,5645094744.184493,2748883248.9063478,2896211495.278146,
947,2021-11-01 00:00:00+00:00,6889151765.044497,3515962374.0000634,3373189391.044433,202430570.90034485
948,2021-11-02 00:00:00+00:00,6388028813.069831,3140946997.6855526,3247081815.384279,361505525.440979
949,2021-11-03 00:00:00+00:00,6523425761.470181,3361085545.5922437,3162340215.877938,249392102.6851654
950,2021-11-04 00:00:00+00:00,5513043070.483247,2758691629.2463164,2754351441.236931,198485500.66184998
951,2021-11-05 00:00:00+00:00,5394366130.2091675,2621721185.862273,2772644944.346894,149780165.05889893
952,2021-11-06 00:00:00+00:00,4240298653.856597,2100115474.2484794,2140183179.6081173,
953,2021-11-07 00:00:00+00:00,3996247526.518439,1880447161.3798542,2115800365.1385846,
954,2021-11-08 00:00:00+00:00,9147869635.327003,4235105573.7145467,4912764061.612457,407364694.0574646
955,2021-11-09 00:00:00+00:00,7459954752.586878,3800238215.138392,3659716537.4484863,361164491.3330078
956,2021-11-10 00:00:00+00:00,11328172077.298353,5825343940.8095045,5502828136.488849,542837995.3933716
957,2021-11-11 00:00:00+00:00,5806494335.764822,2902350539.306289,2904143796.458533,324940150.4497528
958,2021-11-12 00:00:00+00:00,7655284025.237431,3899533147.781604,3755750877.4558268,324538945.6970215
959,2021-11-13 00:00:00+00:00,4113912208.4924984,2126076426.938154,1987835781.5543444,
960,2021-11-14 00:00:00+00:00,4262472785.032971,2117729968.2472024,2144742816.7857687,
961,2021-11-15 00:00:00+00:00,6245113029.402376,3210184371.4546947,3034928657.9476814,195133987.1635437
962,2021-11-16 00:00:00+00:00,12702659872.412506,6791478510.425441,5911181361.987066,410864613.33618164
963,2021-11-17 00:00:00+00:00,6761575293.767969,3540091686.2950497,3221483607.4729195,231091913.10195923
964,2021-11-18 00:00:00+00:00,9920526242.892519,5273417661.680225,4647108581.212295,371128852.3448944
965,2021-11-19 00:00:00+00:00,7063479838.220615,3594422835.323646,3469057002.8969693,238151276.9165039
966,2021-11-20 00:00:00+00:00,4562687016.295101,2272436937.0602326,2290250079.234868,
967,2021-11-21 00:00:00+00:00,4145493862.3824015,2172354953.5257607,1973138908.8566406,
968,2021-11-22 00:00:00+00:00,8012088764.900218,4183222617.6783805,3828866147.221837,201242586.80114746
969,2021-11-23 00:00:00+00:00,7289116669.902744,3721736230.679915,3567380439.2228293,171121379.89883423
970,2021-11-24 00:00:00+00:00,5768199258.833296,2943125075.60774,2825074183.2255564,141919860.4019165
971,2021-11-25 00:00:00+00:00,5647503795.544788,2844059601.71106,2803444193.833728,
972,2021-11-26 00:00:00+00:00,10088935498.128815,5360089476.339994,4728846021.78882,201519755.3237915
973,2021-11-27 00:00:00+00:00,4147430237.361065,2067955837.7631154,2079474399.5979497,
974,2021-11-28 00:00:00+00:00,4782667374.088346,2374799301.3489165,2407868072.739429,
975,2021-11-29 00:00:00+00:00,5769244932.155556,2938878098.4331856,2830366833.72237,219132229.41741943
976,2021-11-30 00:00:00+00:00,7414098999.45204,3856274908.94174,3557824090.5102997,251561600.6439209
977,2021-12-01 00:00:00+00:00,6580956522.4203825,3353918374.26409,3227038148.156292,228424190.56243896
978,2021-12-02 00:00:00+00:00,5645297330.988089,2830441903.0472145,2814855427.9408746,214150017.12036133
979,2021-12-03 00:00:00+00:00,8653423197.889801,4555106197.902596,4098316999.987205,410920950.0175476
980,2021-12-04 00:00:00+00:00,16268886234.667906,8415160344.95753,7853725889.710376,
981,2021-12-05 00:00:00+00:00,6279977465.587824,3117552365.8427315,3162425099.7450924,
982,2021-12-06 00:00:00+00:00,8018792448.572068,3990857788.32094,4027934660.251128,389364495.47195435
983,2021-12-07 00:00:00+00:00,5265066062.85225,2660980348.8772273,2604085713.975023,312226608.11920166
984,2021-12-08 00:00:00+00:00,5013727948.606274,2560058589.0377927,2453669359.5684814,164873080.48553467
985,2021-12-09 00:00:00+00:00,5275410524.021919,2697723309.727452,2577687214.2944674,228528570.6008911
986,2021-12-10 00:00:00+00:00,6344510356.889426,3260436400.3474784,3084073956.5419474,191328409.73510742
987,2021-12-11 00:00:00+00:00,4225912213.287806,2072920438.172524,2152991775.115282,
988,2021-12-12 00:00:00+00:00,3614785831.971299,1742465383.4035814,1872320448.5677178,
989,2021-12-13 00:00:00+00:00,6989175244.368906,3646299537.0930843,3342875707.2758217,265383784.8564148
990,2021-12-14 00:00:00+00:00,5465033134.154177,2738382281.0611324,2726650853.0930443,163447123.39782715
991,2021-12-15 00:00:00+00:00,6927196480.418626,3409686152.0041256,3517510328.4145,275200448.884964
992,2021-12-16 00:00:00+00:00,4432868575.027546,2258232046.764238,2174636528.2633085,153322611.79885864
993,2021-12-17 00:00:00+00:00,6568937522.532715,3372049285.564253,3196888236.968462,196173337.5640869
994,2021-12-18 00:00:00+00:00,3878564087.156867,1872743050.0544922,2005821037.102375,
995,2021-12-19 00:00:00+00:00,4202021626.2826757,2059782342.3155117,2142239283.967164,
996,2021-12-20 00:00:00+00:00,4805660616.382337,2391559783.1155815,2414100833.266755,192118551.80358887
997,2021-12-21 00:00:00+00:00,5108750155.315243,2422702667.7434235,2686047487.57182,179840836.99035645
998,2021-12-22 00:00:00+00:00,3641445963.976129,1825811810.7814496,1815634153.1946793,137136800.0
999,2021-12-23 00:00:00+00:00,4923024468.558342,2383775894.606028,2539248573.952314,215672975.74996948
1000,2021-12-24 00:00:00+00:00,4279437327.161331,2187780644.970153,2091656682.1911786,
1001,2021-12-25 00:00:00+00:00,2730191786.912222,1357578540.7482681,1372613246.1639538,
1002,2021-12-26 00:00:00+00:00,3123068674.9868956,1558365895.6211936,1564702779.365702,
1003,2021-12-27 00:00:00+00:00,4209266773.456812,2078435117.0279386,2130831656.4288735,190682232.4432373
1004,2021-12-28 00:00:00+00:00,6595414523.33506,3358253006.7537766,3237161516.581283,213062889.05296326
1005,2021-12-29 00:00:00+00:00,5343760816.158524,2616916892.8576684,2726843923.3008547,146850082.53479004
1006,2021-12-30 00:00:00+00:00,4786197212.612717,2134727094.3856163,2651470118.227101,139744490.5899048
1007,2021-12-31 00:00:00+00:00,5225651984.733762,2615189375.6008296,2610462609.1329327,163358800.0
1008,2022-01-01 00:00:00+00:00,2934568402.200607,1444886876.7537937,1489681525.4468129,
1009,2022-01-02 00:00:00+00:00,2658954847.2112775,1307784902.6943748,1351169944.5169027,
1010,2022-01-03 00:00:00+00:00,3823055964.562209,1882084646.6957307,1940971317.8664787,128913460.7219696
1011,2022-01-04 00:00:00+00:00,4723736768.282959,2349680669.601201,2374056098.6817584,144961983.3618164
1012,2022-01-05 00:00:00+00:00,7162896739.686692,3767591538.2258387,3395305201.460853,172034558.8874817
1013,2022-01-06 00:00:00+00:00,4924779839.080392,2450935525.31935,2473844313.761042,203758039.40696716
1014,2022-01-07 00:00:00+00:00,6973768306.4661875,3573475792.1962085,3400292514.2699785,261090756.6848755
1015,2022-01-08 00:00:00+00:00,4205249632.4173384,2100740872.0456836,2104508760.3716547,
1016,2022-01-09 00:00:00+00:00,2835869846.502564,1393412202.2372782,1442457644.2652855,
1017,2022-01-10 00:00:00+00:00,6269458853.371013,3149031781.629255,3120427071.7417583,248528392.628479
1018,2022-01-11 00:00:00+00:00,4611015826.950128,2292931486.0401745,2318084340.909953,227725187.21122742
1019,2022-01-12 00:00:00+00:00,4173997074.0211763,1981426819.3650026,2192570254.6561737,233640770.57914734
1020,2022-01-13 00:00:00+00:00,4017887799.2138815,2005963737.2454937,2011924061.9683878,204938650.0
1021,2022-01-14 00:00:00+00:00,3746689278.542299,1908604558.7590425,1838084719.7832565,138423023.11325073
1022,2022-01-15 00:00:00+00:00,2368179595.292602,1213167749.4519057,1155011845.840696,
1023,2022-01-16 00:00:00+00:00,2209170433.178791,1125162970.8813958,1084007462.2973952,
1024,2022-01-17 00:00:00+00:00,3056051305.1920533,1555538727.7173815,1500512577.4746718,
1025,2022-01-18 00:00:00+00:00,3417390696.2301407,1718927300.9460847,1698463395.284056,204078364.82009888
1026,2022-01-19 00:00:00+00:00,4057398384.4835415,2023198753.6994312,2034199630.78411,159784052.61039734
1027,2022-01-20 00:00:00+00:00,4770590002.94855,2436050709.8278427,2334539293.120707,192240091.03240967
1028,2022-01-21 00:00:00+00:00,10685738487.375122,5559173115.687051,5126565371.688071,400335080.3871155
1029,2022-01-22 00:00:00+00:00,8366478068.082831,4366911047.626891,3999567020.4559393,
1030,2022-01-23 00:00:00+00:00,4555822487.378742,2263129619.9676294,2292692867.411113,
1031,2022-01-24 00:00:00+00:00,9573896324.110788,4756137839.294509,4817758484.816279,420688985.4892731
1032,2022-01-25 00:00:00+00:00,5171976936.860705,2632073430.6878843,2539903506.1728206,213426363.56124878
1033,2022-01-26 00:00:00+00:00,7209096406.159876,3587220390.748955,3621876015.4109216,193669636.06567383
1034,2022-01-27 00:00:00+00:00,5191753146.452608,2558466576.0802383,2633286570.37237,140192420.54901123
1035,2022-01-28 00:00:00+00:00,4248097759.923227,2090507234.7560344,2157590525.1671925,143084029.89349365
1036,2022-01-29 00:00:00+00:00,2820407268.3665414,1369595881.196277,1450811387.1702645,
1037,2022-01-30 00:00:00+00:00,2291459504.5573397,1165998148.3683069,1125461356.1890328,
1038,2022-01-31 00:00:00+00:00,4030402126.2190065,2025384078.2208219,2005018047.9981847,117172094.97795105
1039,2022-02-01 00:00:00+00:00,3649620481.442795,1765437223.5031743,1884183257.9396203,118866498.07128906
1040,2022-02-02 00:00:00+00:00,3488924732.120981,1801615136.6919281,1687309595.429053,103666566.90444946
1041,2022-02-03 00:00:00+00:00,3214551053.5416913,1561823011.423914,1652728042.1177776,118576204.95967865
1042,2022-02-04 00:00:00+00:00,6368483260.948465,3069213541.7455244,3299269719.202941,177520830.18722534
1043,2022-02-05 00:00:00+00:00,3278474793.3100853,1667839549.1040795,1610635244.2060056,
1044,2022-02-06 00:00:00+00:00,2287329730.108918,1077309442.9673123,1210020287.141606,
1045,2022-02-07 00:00:00+00:00,5533663367.79218,2724168675.403341,2809494692.3888397,263097645.37353516
1046,2022-02-08 00:00:00+00:00,6802785855.159761,3383394772.5049496,3419391082.6548114,216490562.63427734
1047,2022-02-09 00:00:00+00:00,3997203335.3426223,2007268519.42864,1989934815.9139822,203980691.64276123
1048,2022-02-10 00:00:00+00:00,7004808449.646827,3543959827.5390997,3460848622.107727,249525200.0
1049,2022-02-11 00:00:00+00:00,5268959558.172513,2646509166.7226634,2622450391.449849,237747577.9006958
1050,2022-02-12 00:00:00+00:00,2845812387.887461,1433608160.4151251,1412204227.472336,
1051,2022-02-13 00:00:00+00:00,2034329680.7420754,1041082353.7951598,993247326.9469157,
1052,2022-02-14 00:00:00+00:00,3888788407.382081,1923297246.149707,1965491161.2323742,135095988.49983215
1053,2022-02-15 00:00:00+00:00,4236597455.759417,2093258130.0884647,2143339325.6709523,110941827.24609375
1054,2022-02-16 00:00:00+00:00,3164283287.6489453,1594954722.9672,1569328564.681745,117947915.1807785
1055,2022-02-17 00:00:00+00:00,5268507115.845159,2798953114.1667085,2469554001.67845,208596571.12312317
1056,2022-02-18 00:00:00+00:00,4490502098.562312,2324315729.994231,2166186368.568081,208727604.16679382
1057,2022-02-19 00:00:00+00:00,1843560986.9022374,961343368.0014113,882217618.900826,
1058,2022-02-20 00:00:00+00:00,3191674462.937822,1709386866.15748,1482287596.780342,
1059,2022-02-21 00:00:00+00:00,6149249629.232989,3138133553.1645713,3011116076.0684175,
1060,2022-02-22 00:00:00+00:00,5164065820.82813,2537832149.5787535,2626233671.2493763,202681847.3854065
1061,2022-02-23 00:00:00+00:00,4251257510.059349,2168120310.2371716,2083137199.822178,111188062.35923767
1062,2022-02-24 00:00:00+00:00,11057693515.551748,5549638359.739901,5508055155.811849,272377325.5630493
1063,2022-02-25 00:00:00+00:00,5388830975.443247,2595960487.6419435,2792870487.8013034,132888463.76914978
1064,2022-02-26 00:00:00+00:00,2831583016.8376536,1405365347.580493,1426217669.2571604,
1065,2022-02-27 00:00:00+00:00,4444727686.298232,2324723618.848911,2120004067.4493208,
1066,2022-02-28 00:00:00+00:00,7440996760.842279,3542672743.9080358,3898324016.934243,208389790.67230225
1067,2022-03-01 00:00:00+00:00,6883106176.676617,3479335687.2998877,3403770489.376729,232454625.0
1068,2022-03-02 00:00:00+00:00,6014609415.378332,3015330388.090239,2999279027.2880936,150356902.72808075
1069,2022-03-03 00:00:00+00:00,5148373818.571706,2590745535.960079,2557628282.6116266,123127424.67346191
1070,2022-03-04 00:00:00+00:00,6514875534.050584,3441354261.1544476,3073521272.8961363,165141594.69604492
1071,2022-03-05 00:00:00+00:00,2740270347.162544,1395249336.3103943,1345021010.8521495,
1072,2022-03-06 00:00:00+00:00,3552665211.7769585,1822713153.7238233,1729952058.0531354,
1073,2022-03-07 00:00:00+00:00,5849905791.686193,2944059378.271277,2905846413.414917,162819533.5035324
1074,2022-03-08 00:00:00+00:00,5356109846.102169,2702274904.4169974,2653834941.6851716,143259000.0
1075,2022-03-09 00:00:00+00:00,7008819255.047386,3466163186.023703,3542656069.023683,143492651.94797516
1076,2022-03-10 00:00:00+00:00,7045671309.436365,3707281866.548516,3338389442.887849,121415701.74121857
1077,2022-03-11 00:00:00+00:00,5649657779.086538,2778278780.983219,2871378998.1033196,119991388.07659149
1078,2022-03-12 00:00:00+00:00,2199563219.489258,1125611824.2577045,1073951395.231553,
1079,2022-03-13 00:00:00+00:00,2899529914.500669,1550588520.7735608,1348941393.727108,
1080,2022-03-14 00:00:00+00:00,4524334633.252591,2247384351.305571,2276950281.9470205,67223638.99040222
1081,2022-03-15 00:00:00+00:00,4257160860.4906754,2171909715.1465297,2085251145.3441453,64469784.37347412
1082,2022-03-16 00:00:00+00:00,8826450507.902237,4406846951.06091,4419603556.841327,101114750.0
1083,2022-03-17 00:00:00+00:00,3838088632.107146,1988366425.8834143,1849722206.2237313,89127008.77037048
1084,2022-03-18 00:00:00+00:00,4571641031.13124,2325681011.487026,2245960019.644213,98538582.61947632
1085,2022-03-19 00:00:00+00:00,2881861898.5775533,1449589070.8017771,1432272827.775776,
1086,2022-03-20 00:00:00+00:00,2999658942.3038936,1573867073.97735,1425791868.3265436,
1087,2022-03-21 00:00:00+00:00,4108081004.268629,2087694709.3406372,2020386294.9279916,81073552.5636673
1088,2022-03-22 00:00:00+00:00,6266319715.805485,3083690393.3315926,3182629322.473892,111127375.0
1089,2022-03-23 00:00:00+00:00,4285051771.6656475,2139700604.3498647,2145351167.3157825,67161976.4328003
1090,2022-03-24 00:00:00+00:00,5930168916.695254,2915826260.724705,3014342655.970549,164988928.2377243
1091,2022-03-25 00:00:00+00:00,5671868333.135495,2719115461.623829,2952752871.5116663,146363721.37012482
1092,2022-03-26 00:00:00+00:00,2303435549.4422054,1134812811.3364623,1168622738.1057432,
1093,2022-03-27 00:00:00+00:00,4480047489.101707,2075731412.0393276,2404316077.06238,
1094,2022-03-28 00:00:00+00:00,6467399723.299771,3220374364.3275375,3247025358.972234,193979290.11917114
1095,2022-03-29 00:00:00+00:00,4727116749.996191,2370570815.7634225,2356545934.232768,126102463.90228271
1096,2022-03-30 00:00:00+00:00,4456503629.978615,2212696782.215909,2243806847.7627063,118654065.08255005
1097,2022-03-31 00:00:00+00:00,5318394007.919519,2800039548.3377113,2518354459.5818076,102134925.0617981
1098,2022-04-01 00:00:00+00:00,6304189198.135355,3129390137.2494407,3174799060.885914,164772251.07765198
1099,2022-04-02 00:00:00+00:00,4060263515.926595,2035849526.200994,2024413989.7256012,
1100,2022-04-03 00:00:00+00:00,3574993547.160763,1766501473.0985878,1808492074.0621753,
1101,2022-04-04 00:00:00+00:00,5122331147.295691,2551683439.370104,2570647707.925586,127437807.27386475
1102,2022-04-05 00:00:00+00:00,4770037727.4085455,2385270311.087015,2384767416.3215303,145510348.83728027
1103,2022-04-06 00:00:00+00:00,7247668991.647181,3631665183.422646,3616003808.224534,189528471.2562561
1104,2022-04-07 00:00:00+00:00,4224903026.4859524,2086485620.0779624,2138417406.40799,114517406.8365097
1105,2022-04-08 00:00:00+00:00,4754088647.867127,2423510445.318062,2330578202.549066,128709082.6828003
1106,2022-04-09 00:00:00+00:00,2015515492.0224097,995340143.1494215,1020175348.8729883,
1107,2022-04-10 00:00:00+00:00,2516899720.7103806,1279075877.1148233,1237823843.5955572,
1108,2022-04-11 00:00:00+00:00,6564846238.011429,3436355278.568602,3128490959.4428267,130793799.23286438
1109,2022-04-12 00:00:00+00:00,5651630728.391388,2819838462.8594995,2831792265.5318885,90400543.22910309
1110,2022-04-13 00:00:00+00:00,4416585351.315275,2189476801.1809015,2227108550.1343737,100603336.84062958
1111,2022-04-14 00:00:00+00:00,3606593424.86471,1864361033.4746568,1742232391.390053,87497850.0
1112,2022-04-15 00:00:00+00:00,2383429600.074584,1193102904.3622785,1190326695.7123053,
1113,2022-04-16 00:00:00+00:00,1573858536.8503437,805012819.4494479,768845717.4008958,
1114,2022-04-17 00:00:00+00:00,1946505544.4906676,1013718239.3318316,932787305.158836,
1115,2022-04-18 00:00:00+00:00,5205344191.071166,2575994832.0739303,2629349358.997236,105822400.0
1116,2022-04-19 00:00:00+00:00,3395004995.176072,1700411748.7826543,1694593246.3934178,88364022.89352417
1117,2022-04-20 00:00:00+00:00,4222929812.970369,2174912128.204441,2048017684.7659278,68968551.30004883
1118,2022-04-21 00:00:00+00:00,5843845452.231362,2948691422.5507464,2895154029.6806164,93946680.48858643
1119,2022-04-22 00:00:00+00:00,4808931692.720263,2382262786.4730415,2426668906.247221,94368623.08120728
1120,2022-04-23 00:00:00+00:00,1869234574.8958185,957274380.7906609,911960194.1051576,
1121,2022-04-24 00:00:00+00:00,2439669339.8467197,1280742800.32507,1158926539.52165,
1122,2022-04-25 00:00:00+00:00,6157955845.760887,3092813244.090777,3065142601.6701107,99586154.92019653
1123,2022-04-26 00:00:00+00:00,6254229517.871574,3224230013.8553257,3029999504.016248,95182958.65020752
1124,2022-04-27 00:00:00+00:00,5143790844.726794,2544397837.107149,2599393007.619645,65943987.49847412
1125,2022-04-28 00:00:00+00:00,5284318613.1904545,2634827327.441862,2649491285.748592,64217724.82395172
1126,2022-04-29 00:00:00+00:00,4500011925.854491,2309485773.365487,2190526152.489004,71898687.71266937
1127,2022-04-30 00:00:00+00:00,2780330651.2207584,1465926563.5687413,1314404087.6520174,
1128,2022-05-01 00:00:00+00:00,3154825835.687964,1559510607.763195,1595315227.9247687,
1129,2022-05-02 00:00:00+00:00,4686873163.409765,2278611901.804106,2408261261.605659,134335844.39163208
1130,2022-05-03 00:00:00+00:00,3705617664.327871,1834519104.1021476,1871098560.225723,76881552.28233337
1131,2022-05-04 00:00:00+00:00,5708123502.716951,2715643336.3056803,2992480166.411271,89662024.73926544
1132,2022-05-05 00:00:00+00:00,8189304953.434039,4209892900.280053,3979412053.153986,117501428.14979553
1133,2022-05-06 00:00:00+00:00,6429118622.94626,3174158685.6385503,3254959937.30771,95093515.73982239
1134,2022-05-07 00:00:00+00:00,2981690653.693243,1566048093.8824441,1415642559.8107991,
1135,2022-05-08 00:00:00+00:00,6112515129.245468,3315246530.099057,2797268599.146411,
1136,2022-05-09 00:00:00+00:00,13829708240.191645,7478615619.331039,6351092620.860605,270687977.70614624
1137,2022-05-10 00:00:00+00:00,12110687810.471104,6299276860.7655115,5811410949.705591,124140299.3232727
1138,2022-05-11 00:00:00+00:00,16486073794.090973,8508290789.597505,7977783004.493467,195848129.5654297
1139,2022-05-12 00:00:00+00:00,15570288314.306526,8028248251.943371,7542040062.363155,186458048.56147766
1140,2022-05-13 00:00:00+00:00,7214455971.72902,3591122501.0837183,3623333470.645302,147365855.70716858
1141,2022-05-14 00:00:00+00:00,3614766415.4259996,1805360476.1835065,1809405939.242493,
1142,2022-05-15 00:00:00+00:00,3413750655.384676,1630179810.1873722,1783570845.1973038,
1143,2022-05-16 00:00:00+00:00,4966250536.188241,2506717418.748342,2459533117.439899,82944375.0
1144,2022-05-17 00:00:00+00:00,4157064568.5241365,2021073203.1299183,2135991365.3942184,79877743.79081726
1145,2022-05-18 00:00:00+00:00,4985753109.172861,2481121984.4325814,2504631124.74028,88325821.3672638
1146,2022-05-19 00:00:00+00:00,5188212726.059948,2445494987.212524,2742717738.8474236,102503208.60385895
1147,2022-05-20 00:00:00+00:00,5157725946.290835,2522040897.883727,2635685048.4071083,73779379.09889221
1148,2022-05-21 00:00:00+00:00,1736370135.0251503,848112026.6010897,888258108.4240607,
1149,2022-05-22 00:00:00+00:00,2788354493.90886,1347762915.6206858,1440591578.2881744,
1150,2022-05-23 00:00:00+00:00,4805370717.253743,2484742706.8821607,2320628010.3715825,70156826.03187561
1151,2022-05-24 00:00:00+00:00,3982490483.365609,1986716237.0333695,1995774246.3322396,100300358.52069855
1152,2022-05-25 00:00:00+00:00,4162529644.237713,2110017712.8422353,2052511931.3954775,52368126.16195679
1153,2022-05-26 00:00:00+00:00,6534466642.530442,3331345518.6909046,3203121123.8395376,69686403.35083008
1154,2022-05-27 00:00:00+00:00,5947582243.406745,3032329030.403105,2915253213.00364,75299636.36398315
1155,2022-05-28 00:00:00+00:00,2149051463.160743,1058408542.1827242,1090642920.9780192,
1156,2022-05-29 00:00:00+00:00,1893692164.3681695,920877473.5264713,972814690.8416983,
1157,2022-05-30 00:00:00+00:00,6777544630.049217,3430323579.759616,3347221050.2896013,
1158,2022-05-31 00:00:00+00:00,4870389219.722785,2491015570.3008966,2379373649.4218884,99382794.42977905
1159,2022-06-01 00:00:00+00:00,7774556935.95029,4074432202.3360844,3700124733.614205,73251978.4166336
1160,2022-06-02 00:00:00+00:00,4634483680.646859,2316225146.060621,2318258534.586238,69996572.67684937
1161,2022-06-03 00:00:00+00:00,4284640510.173091,2157346562.46842,2127293947.704671,47485530.56430817
1162,2022-06-04 00:00:00+00:00,1845042351.120381,906347055.8897091,938695295.2306721,
1163,2022-06-05 00:00:00+00:00,1891586745.9489946,931257955.5817046,960328790.36729,
1164,2022-06-06 00:00:00+00:00,5634913203.221971,2810125498.3951373,2824787704.8268337,75643823.70758057
1165,2022-06-07 00:00:00+00:00,8077056486.536655,4052935473.846368,4024121012.6902876,66477291.742515564
1166,2022-06-08 00:00:00+00:00,5518837270.152054,2811710332.4577284,2707126937.6943254,95556387.35961914
1167,2022-06-09 00:00:00+00:00,3632404675.376343,1825419949.5742893,1806984725.8020537,45832832.639694214
1168,2022-06-10 00:00:00+00:00,5652236274.168129,2905397348.390004,2746838925.778125,77467829.26559448
1169,2022-06-11 00:00:00+00:00,4557902221.386141,2356102826.5804453,2201799394.8056955,
1170,2022-06-12 00:00:00+00:00,6529331571.854642,3422648752.3121343,3106682819.5425076,
1171,2022-06-13 00:00:00+00:00,17177892715.57746,8985836403.989946,8192056311.587513,184247761.73295975
1172,2022-06-14 00:00:00+00:00,10853248432.559752,5490164280.797212,5363084151.762539,129711004.89883423
1173,2022-06-15 00:00:00+00:00,11603341562.382593,5844386412.673882,5758955149.708712,224005332.6853752
1174,2022-06-16 00:00:00+00:00,6060169996.12312,3089773885.455728,2970396110.6673927,108290796.0805893
1175,2022-06-17 00:00:00+00:00,5207127239.835396,2424601766.669431,2782525473.1659646,140763857.0142746
1176,2022-06-18 00:00:00+00:00,9265207497.301441,4761904944.156521,4503302553.144921,
1177,2022-06-19 00:00:00+00:00,6874357464.840298,3345501671.364997,3528855793.4753003,
1178,2022-06-20 00:00:00+00:00,5635929608.120865,2769464994.6846495,2866464613.4362154,
1179,2022-06-21 00:00:00+00:00,5431663929.541677,2677444088.62419,2754219840.9174876,426120268.2191849
1180,2022-06-22 00:00:00+00:00,5134703781.118373,2590668847.5199037,2544034933.5984693,367050529.08039093
1181,2022-06-23 00:00:00+00:00,4616453829.738888,2217596848.0574408,2398856981.6814466,79452650.56467056
1182,2022-06-24 00:00:00+00:00,4341837893.987244,2129812278.7396107,2212025615.2476325,102045417.8106308
1183,2022-06-25 00:00:00+00:00,2751281151.437279,1376697518.1627648,1374583633.2745144,
1184,2022-06-26 00:00:00+00:00,2808699696.165837,1422993163.1970923,1385706532.9687445,
1185,2022-06-27 00:00:00+00:00,3453964428.1176195,1731789242.8177984,1722175185.299821,72994531.23664856
1186,2022-06-28 00:00:00+00:00,3497939007.7626724,1798741422.7889442,1699197584.9737284,73868750.0
1187,2022-06-29 00:00:00+00:00,4076101497.8054285,2061120942.2983348,2014980555.5070934,54915694.74182129
1188,2022-06-30 00:00:00+00:00,5139667657.10475,2626428791.011329,2513238866.093421,102271215.55843353
1189,2022-07-01 00:00:00+00:00,5922677370.90676,2903208418.471779,3019468952.4349813,69262725.0
1190,2022-07-02 00:00:00+00:00,2437926565.139026,1187270748.676464,1250655816.462562,
1191,2022-07-03 00:00:00+00:00,2521303533.920752,1246995564.5316377,1274307969.3891144,
1192,2022-07-04 00:00:00+00:00,3694358085.6881113,1775836428.4892879,1918521657.1988235,
1193,2022-07-05 00:00:00+00:00,4903085740.476984,2438393162.4594216,2464692578.0175624,59269828.39889526
1194,2022-07-06 00:00:00+00:00,4236478236.0541673,2096528053.4790664,2139950182.5751007,50486055.69381714
1195,2022-07-07 00:00:00+00:00,4686168844.043333,2325231339.031964,2360937505.0113697,48219875.0
1196,2022-07-08 00:00:00+00:00,13954134746.341488,6964033905.092931,6990100841.248557,51998275.72860718
1197,2022-07-09 00:00:00+00:00,7236738566.122318,3615927235.9264336,3620811330.1958847,
1198,2022-07-10 00:00:00+00:00,7334849676.195287,3726530723.18704,3608318953.0082464,
1199,2022-07-11 00:00:00+00:00,5538935876.157114,2839218866.1979275,2699717009.9591866,32342165.960121155
1200,2022-07-12 00:00:00+00:00,5942753931.495647,3015300910.54092,2927453020.954728,43842447.136974335
1201,2022-07-13 00:00:00+00:00,8674556344.082567,4342472454.769634,4332083889.312933,54607722.328567505
1202,2022-07-14 00:00:00+00:00,7241298502.348755,3594392213.290596,3646906289.0581594,44091853.38430405
1203,2022-07-15 00:00:00+00:00,6302821834.495544,3143369246.9774055,3159452587.5181384,57645489.197444916
1204,2022-07-16 00:00:00+00:00,5179685223.244116,2576432765.3899612,2603252457.854154,
1205,2022-07-17 00:00:00+00:00,4915129494.8298645,2465434747.039911,2449694747.789954,
1206,2022-07-18 00:00:00+00:00,10581610799.208061,5204519117.219903,5377091681.988157,70384511.6186142
1207,2022-07-19 00:00:00+00:00,12661972211.711954,6301235417.324072,6360736794.387881,94843846.70572281
1208,2022-07-20 00:00:00+00:00,12003773425.819733,5993047868.518391,6010725557.301341,101523953.50284576
1209,2022-07-21 00:00:00+00:00,8850153203.302368,4428247858.825838,4421905344.476531,54506463.86175156
1210,2022-07-22 00:00:00+00:00,8075817914.027183,4077080773.154381,3998737140.8728023,50600358.40034485
1211,2022-07-23 00:00:00+00:00,5537411262.68145,2766702703.253017,2770708559.4284334,
1212,2022-07-24 00:00:00+00:00,5270505554.918373,2608022542.7819576,2662483012.136415,
1213,2022-07-25 00:00:00+00:00,8681895304.055576,4698705500.643905,3983189803.411672,51525696.85707092
1214,2022-07-26 00:00:00+00:00,7051466003.900439,3569212556.362327,3482253447.5381126,49160800.0
1215,2022-07-27 00:00:00+00:00,9276896747.220856,4582870442.487744,4694026304.733111,52259673.318862915
1216,2022-07-28 00:00:00+00:00,10712695405.046515,5324816379.350055,5387879025.696459,80678165.58494568
1217,2022-07-29 00:00:00+00:00,9531401032.611744,4749642013.543554,4781759019.068191,57304120.73850632
1218,2022-07-30 00:00:00+00:00,6971541119.904944,3480497893.921475,3491043225.98347,
1219,2022-07-31 00:00:00+00:00,5285027452.365165,2643843798.359626,2641183654.005539,
1220,2022-08-01 00:00:00+00:00,6058862634.909593,3052473016.286956,3006389618.6226373,35547736.09542847
1221,2022-08-02 00:00:00+00:00,6882590631.155829,3489839673.024115,3392750958.131714,41255292.88787842
1222,2022-08-03 00:00:00+00:00,6709368277.220447,3382645819.2453814,3326722457.9750657,64783886.042404175
1223,2022-08-04 00:00:00+00:00,6398795676.279861,3241064529.251484,3157731147.028377,37445633.38737488
1224,2022-08-05 00:00:00+00:00,7877558285.838426,3903689262.651066,3973869023.18736,40157058.70819092
1225,2022-08-06 00:00:00+00:00,3292641767.2518682,1676714449.2885048,1615927317.9633636,
1226,2022-08-07 00:00:00+00:00,3501185519.2755475,1747483317.5961075,1753702201.67944,
1227,2022-08-08 00:00:00+00:00,7654448169.38061,3793394083.31665,3861054086.063961,59503229.34932709
1228,2022-08-09 00:00:00+00:00,6387559309.405242,3253163969.493576,3134395339.911666,46152471.226882935
1229,2022-08-10 00:00:00+00:00,9552453715.871536,4753622766.704803,4798830949.166732,58197392.14839935
1230,2022-08-11 00:00:00+00:00,11225302699.860493,5620831760.081073,5604470939.77942,63762073.28186035
1231,2022-08-12 00:00:00+00:00,7555956548.071949,3757145152.490595,3798811395.581354,47547280.834198
1232,2022-08-13 00:00:00+00:00,6692437480.057167,3341148188.8832335,3351289291.173934,
1233,2022-08-14 00:00:00+00:00,6756482861.627051,3386628946.636961,3369853914.9900904,
1234,2022-08-15 00:00:00+00:00,10952927784.767233,5509975302.630742,5442952482.136491,36541585.01815796
1235,2022-08-16 00:00:00+00:00,8035552479.67169,4041701552.2495246,3993850927.4221654,28823741.190433502
1236,2022-08-17 00:00:00+00:00,9564050897.92689,4793020990.851793,4771029907.075097,44479460.64577103
1237,2022-08-18 00:00:00+00:00,6002590889.301924,3000829529.567099,3001761359.7348247,30971271.020889282
1238,2022-08-19 00:00:00+00:00,12827631412.557127,6527653618.17294,6299977794.384186,52635619.09008026
1239,2022-08-20 00:00:00+00:00,7185472257.183856,3575728185.2208977,3609744071.9629583,
1240,2022-08-21 00:00:00+00:00,6209178688.660297,3044810249.6097083,3164368439.0505896,
1241,2022-08-22 00:00:00+00:00,8799836678.098167,4416531897.3226795,4383304780.775488,31347148.983478546
1242,2022-08-23 00:00:00+00:00,8010294373.285601,3986061242.074521,4024233131.211079,26880050.469493866
1243,2022-08-24 00:00:00+00:00,7173201093.362763,3599375249.0150347,3573825844.347729,21507534.241485596
1244,2022-08-25 00:00:00+00:00,6479929621.371345,3246045182.7598124,3233884438.611532,17196219.5104599
1245,2022-08-26 00:00:00+00:00,11453780931.80689,5802005845.323913,5651775086.482978,36055348.278808594
1246,2022-08-27 00:00:00+00:00,6033068586.342276,3028853367.7862706,3004215218.556005,
1247,2022-08-28 00:00:00+00:00,4989640357.636622,2514733810.3508477,2474906547.2857747,
1248,2022-08-29 00:00:00+00:00,8000753729.414052,3963339768.0394564,4037413961.374596,33572494.40689087
1249,2022-08-30 00:00:00+00:00,9975380214.351036,5013256532.828729,4962123681.522307,31684184.391784668
1250,2022-08-31 00:00:00+00:00,9930288662.661268,4898344448.342397,5031944214.318871,29659607.90977478
1251,2022-09-01 00:00:00+00:00,8563507557.246579,4322149532.507443,4241358024.7391353,39605455.13877869
1252,2022-09-02 00:00:00+00:00,8527375999.42874,4282190792.395556,4245185207.033183,30425088.28125
1253,2022-09-03 00:00:00+00:00,4649322236.804644,2371220091.9751997,2278102144.829444,
1254,2022-09-04 00:00:00+00:00,4887261130.1556,2443127101.9529285,2444134028.202671,
1255,2022-09-05 00:00:00+00:00,7057970813.00191,3546962065.855385,3511008747.146526,
1256,2022-09-06 00:00:00+00:00,12348844107.429256,6326662417.737772,6022181689.691485,58096041.323661804
1257,2022-09-07 00:00:00+00:00,9913940375.587782,4955267460.630492,4958672914.957289,53732071.34628296
1258,2022-09-08 00:00:00+00:00,8741541922.82742,4379676880.390805,4361865042.436614,26971391.235351562
1259,2022-09-09 00:00:00+00:00,15889858358.428679,7808739939.261955,8081118419.166722,54703839.224243164
1260,2022-09-10 00:00:00+00:00,10830602346.280565,5399985179.269727,5430617167.010839,
1261,2022-09-11 00:00:00+00:00,10298132086.830456,5177546630.886536,5120585455.94392,
1262,2022-09-12 00:00:00+00:00,15780707150.217896,7836969542.54069,7943737607.677204,51095648.62251282
1263,2022-09-13 00:00:00+00:00,17839444724.0176,9035408599.617605,8804036124.399994,39097353.820991516
1264,2022-09-14 00:00:00+00:00,12052655596.326017,6050935574.869913,6001720021.456103,33027155.08260727
1265,2022-09-15 00:00:00+00:00,11166009552.762762,5671813490.601472,5494196062.161291,25837130.814552307
1266,2022-09-16 00:00:00+00:00,9944235234.883345,4981367320.651911,4962867914.231434,33587126.71661377
1267,2022-09-17 00:00:00+00:00,6373090741.804763,3164635235.3977904,3208455506.406972,
1268,2022-09-18 00:00:00+00:00,8916084844.333342,4554174204.793451,4361910639.539891,
1269,2022-09-19 00:00:00+00:00,13294198553.750671,6698088869.866078,6596109683.884593,49948626.63040161
1270,2022-09-20 00:00:00+00:00,11172383280.847832,5667518748.3335495,5504864532.514283,20315217.73414612
1271,2022-09-21 00:00:00+00:00,14776790036.627579,7501623541.055939,7275166495.571639,29547605.613327026
1272,2022-09-22 00:00:00+00:00,16489904357.93845,8217465078.490696,8272439279.447754,32294391.370391846
1273,2022-09-23 00:00:00+00:00,13198475135.567919,6610081773.103976,6588393362.4639435,45474088.76037598
1274,2022-09-24 00:00:00+00:00,7800116208.279773,3916194302.1803656,3883921906.0994067,
1275,2022-09-25 00:00:00+00:00,6806042483.62307,3441444898.9705167,3364597584.652553,
1276,2022-09-26 00:00:00+00:00,15514519539.142204,7748991014.70829,7765528524.433913,25157093.758296967
1277,2022-09-27 00:00:00+00:00,22622550401.94651,11347083234.010576,11275467167.935934,38143470.84722519
1278,2022-09-28 00:00:00+00:00,20066442857.74843,10009775540.349506,10056667317.398922,34885824.91149902
1279,2022-09-29 00:00:00+00:00,13312519576.082855,6668524044.237338,6643995531.845517,28984405.80482483
1280,2022-09-30 00:00:00+00:00,14548086319.02574,7313787259.100643,7234299059.9250965,31379781.580352783
1281,2022-10-01 00:00:00+00:00,5061383898.763715,2547713919.1161118,2513669979.647603,
1282,2022-10-02 00:00:00+00:00,6296142247.004362,3185828325.076079,3110313921.928283,
1283,2022-10-03 00:00:00+00:00,9889162635.69684,4912062928.929139,4977099706.7677,36149497.52693176
1284,2022-10-04 00:00:00+00:00,11937078864.31293,5869438684.306931,6067640180.006,44494121.40274048
1285,2022-10-05 00:00:00+00:00,11284209425.515387,5668237568.902785,5615971856.612601,44348611.153411865
1286,2022-10-06 00:00:00+00:00,12234896996.562532,6149974381.463272,6084922615.099261,23982454.617214203
1287,2022-10-07 00:00:00+00:00,8889907678.400444,4562076785.953759,4327830892.446686,31234066.04976654
1288,2022-10-08 00:00:00+00:00,3652754359.842085,1878710344.440397,1774044015.4016876,
1289,2022-10-09 00:00:00+00:00,4060010935.3471465,2026821622.9781363,2033189312.36901,
1290,2022-10-10 00:00:00+00:00,7702827649.578489,3918325873.6870594,3784501775.89143,26843035.819244385
1291,2022-10-11 00:00:00+00:00,8922381766.966629,4467578961.805618,4454802805.161011,21702851.70326233
1292,2022-10-12 00:00:00+00:00,8075496383.5005865,4020775676.412593,4054720707.0879936,16632277.056598663
1293,2022-10-13 00:00:00+00:00,14681106877.18705,7391836580.142271,7289270297.044779,50225625.0
1294,2022-10-14 00:00:00+00:00,13071364534.171232,6583862823.542091,6487501710.629141,28928951.60446167
1295,2022-10-15 00:00:00+00:00,3906345046.642884,1979785662.3050678,1926559384.3378158,
1296,2022-10-16 00:00:00+00:00,4483881947.4457245,2220569554.1484485,2263312393.297276,
1297,2022-10-17 00:00:00+00:00,8326931483.414126,4150779582.25963,4176151901.154496,24302076.08089447
1298,2022-10-18 00:00:00+00:00,10121734908.55007,5106546917.717314,5015187990.832756,31301557.161331177
1299,2022-10-19 00:00:00+00:00,7228930377.628103,3653371263.594048,3575559114.0340557,15435000.0
1300,2022-10-20 00:00:00+00:00,8647265530.474762,4371246300.588841,4276019229.8859196,26190354.063796997
1301,2022-10-21 00:00:00+00:00,9629233040.614632,4850895095.635561,4778337944.979071,38272988.25569153
1302,2022-10-22 00:00:00+00:00,3473173740.8930163,1749887458.0480862,1723286282.8449302,
1303,2022-10-23 00:00:00+00:00,5602662260.981792,2759792846.2888412,2842869414.692951,
1304,2022-10-24 00:00:00+00:00,9154687860.304136,4659836689.887255,4494851170.4168825,26441415.436649323
1305,2022-10-25 00:00:00+00:00,12863380198.580133,6391309347.5753,6472070851.004834,52847835.15481949
1306,2022-10-26 00:00:00+00:00,15594528062.777773,7752887023.570181,7841641039.207592,87061579.18319702
1307,2022-10-27 00:00:00+00:00,12934601142.554735,6534922319.420839,6399678823.133896,32135533.99105072
1308,2022-10-28 00:00:00+00:00,11135355841.107082,5575975901.094417,5559379940.012666,50846167.769145966
1309,2022-10-29 00:00:00+00:00,9564727802.039927,4744311752.154751,4820416049.885176,
1310,2022-10-30 00:00:00+00:00,6907592056.227263,3481079348.849159,3426512707.3781047,
1311,2022-10-31 00:00:00+00:00,10635105947.933977,5349846457.9585705,5285259489.975407,36955200.0
1312,2022-11-01 00:00:00+00:00,9715068695.589901,4882762109.596005,4832306585.993895,29575754.343509674
1313,2022-11-02 00:00:00+00:00,13641389084.5003,6897801362.8068285,6743587721.693471,33860879.890441895
1314,2022-11-03 00:00:00+00:00,10624127922.072445,5334099817.3813,5290028104.691146,35644391.079711914
1315,2022-11-04 00:00:00+00:00,16295473637.829565,8125886988.78402,8169586649.045544,60865616.5599823
1316,2022-11-05 00:00:00+00:00,8685283875.941498,4342517535.283021,4342766340.658478,
1317,2022-11-06 00:00:00+00:00,7725248568.8576355,3917345082.2967043,3807903486.560931,
1318,2022-11-07 00:00:00+00:00,13310591285.152586,6777165169.182997,6533426115.969589,40156183.39719772
1319,2022-11-08 00:00:00+00:00,30228657587.224674,15381378475.586304,14847279111.63837,138191911.29665375
1320,2022-11-09 00:00:00+00:00,25253955529.618248,12961353378.619308,12292602150.99894,152254191.46375656
1321,2022-11-10 00:00:00+00:00,20593790560.623707,10325482840.824436,10268307719.799273,103001200.92830658
1322,2022-11-11 00:00:00+00:00,13385018839.559727,6673056746.593929,6711962092.965796,129572071.32825851
1323,2022-11-12 00:00:00+00:00,5456138823.507459,2749604268.0324416,2706534555.475017,
1324,2022-11-13 00:00:00+00:00,5800469154.097155,2933098974.4716125,2867370179.6255426,
1325,2022-11-14 00:00:00+00:00,11972009305.499004,6002636056.020673,5969373249.478332,88633902.74486542
1326,2022-11-15 00:00:00+00:00,9624842910.021305,4822532869.11705,4802310040.904256,61055633.92486572
1327,2022-11-16 00:00:00+00:00,9345096216.91309,4717180771.062286,4627915445.850804,107315237.77513504
1328,2022-11-17 00:00:00+00:00,6767638402.571059,3399014364.44815,3368624038.122909,61148500.0
1329,2022-11-18 00:00:00+00:00,6643217484.97894,3338463184.306242,3304754300.672698,106600279.87003326
1330,2022-11-19 00:00:00+00:00,3192987163.9276834,1593552902.8866847,1599434261.0409987,
1331,2022-11-20 00:00:00+00:00,4862834185.192644,2487095002.0712466,2375739183.1213975,
1332,2022-11-21 00:00:00+00:00,10108657591.69372,5124650480.727949,4984007110.965772,134405095.66545486
1333,2022-11-22 00:00:00+00:00,7771516582.979752,3895584169.660298,3875932413.3194532,110735463.60168457
1334,2022-11-23 00:00:00+00:00,8267383214.13125,4087778543.999651,4179604670.131599,47483732.64503479
1335,2022-11-24 00:00:00+00:00,6345309485.187497,3150580251.877297,3194729233.3102,
1336,2022-11-25 00:00:00+00:00,5661406744.063641,2831833382.161262,2829573361.902378,17470340.483379364
1337,2022-11-26 00:00:00+00:00,5228574251.256098,2643323517.5752773,2585250733.6808205,
1338,2022-11-27 00:00:00+00:00,4675285781.883602,2356128185.024964,2319157596.8586383,
1339,2022-11-28 00:00:00+00:00,7936245293.948229,3987371833.2953506,3948873460.6528783,36018580.62171936
1340,2022-11-29 00:00:00+00:00,7656465090.398535,3832799911.280217,3823665179.118317,29122795.593738556
1341,2022-11-30 00:00:00+00:00,10468021262.355778,5183034434.210859,5284986828.144919,33481380.7056427
1342,2022-12-01 00:00:00+00:00,7869665779.771134,3943159410.062514,3926506369.70862,34643442.33789444
1343,2022-12-02 00:00:00+00:00,6770150948.374831,3360585994.8016133,3409564953.573218,21016790.928649902
1344,2022-12-03 00:00:00+00:00,4778957414.103056,2404552394.873369,2374405019.229687,
1345,2022-12-04 00:00:00+00:00,5607543098.249177,2772779332.7673573,2834763765.48182,
1346,2022-12-05 00:00:00+00:00,7889459172.496693,3967216269.4050784,3922242903.0916142,23994809.169769287
1347,2022-12-06 00:00:00+00:00,7173134918.107969,3589017887.3940887,3584117030.71388,20873328.54537964
1348,2022-12-07 00:00:00+00:00,7180754116.000145,3656724220.3336787,3524029895.666466,55836536.63625717
1349,2022-12-08 00:00:00+00:00,7707473287.810992,3838388219.17847,3869085068.6325226,38185873.04353714
1350,2022-12-09 00:00:00+00:00,7775550261.623729,3917253323.2829256,3858296938.340803,69031498.70443344
1351,2022-12-10 00:00:00+00:00,4345793021.752835,2176023472.6054044,2169769549.147431,
1352,2022-12-11 00:00:00+00:00,4825427509.67122,2408273301.4799533,2417154208.191267,
1353,2022-12-12 00:00:00+00:00,7220316809.389997,3619444917.9976177,3600871891.392379,29617651.394844055
1354,2022-12-13 00:00:00+00:00,10075894900.018438,5001286594.8076935,5074608305.210745,38662901.82209015
1355,2022-12-14 00:00:00+00:00,10025318855.29695,4984630851.965459,5040688003.3314905,41114638.13285828
1356,2022-12-15 00:00:00+00:00,7950089923.056645,4050349835.455228,3899740087.601417,24355520.559692383
1357,2022-12-16 00:00:00+00:00,8686658483.41161,4443664526.468717,4242993956.942892,30101486.34839058
1358,2022-12-17 00:00:00+00:00,4406278688.902452,2195154844.8621473,2211123844.0403047,
1359,2022-12-18 00:00:00+00:00,3410456651.643106,1719490012.3494818,1690966639.2936242,
1360,2022-12-19 00:00:00+00:00,5962474793.230445,3065889319.2553663,2896585473.975078,28929792.407226562
1361,2022-12-20 00:00:00+00:00,8263941749.921209,4113608303.5401397,4150333446.3810697,27393623.741340637
1362,2022-12-21 00:00:00+00:00,5077317608.174748,2565444555.6480045,2511873052.526744,20432510.48412323
1363,2022-12-22 00:00:00+00:00,5764819798.964188,2909518641.760727,2855301157.2034607,27558408.710098267
1364,2022-12-23 00:00:00+00:00,5494998928.912749,2736067843.955613,2758931084.9571366,18417629.831314087
1365,2022-12-24 00:00:00+00:00,3069511522.7360764,1543573567.8322642,1525937954.9038122,
1366,2022-12-25 00:00:00+00:00,3725897672.2737603,1873388207.0696397,1852509465.2041209,
1367,2022-12-26 00:00:00+00:00,3851993205.0385528,1929428329.394633,1922564875.6439197,
1368,2022-12-27 00:00:00+00:00,5819493708.223155,2940908743.516181,2878584964.7069736,34977000.5941391
1369,2022-12-28 00:00:00+00:00,6540105682.800698,3303068759.5896835,3237036923.2110147,30311580.741214752
1370,2022-12-29 00:00:00+00:00,5378780202.520988,2682278790.285951,2696501412.2350373,35333046.084451675
1371,2022-12-30 00:00:00+00:00,5672378339.387581,2852616203.232032,2819762136.155549,42502829.80442047
1372,2022-12-31 00:00:00+00:00,3609965472.697881,1847407650.0408309,1762557822.6570501,
1373,2023-01-01 00:00:00+00:00,3123858569.8980093,1558830260.6577668,1565028309.2402427,
1374,2023-01-02 00:00:00+00:00,4123114479.535617,2052237342.3888662,2070877137.1467507,
1375,2023-01-03 00:00:00+00:00,4959869912.045517,2483970890.7282233,2475899021.317294,23137119.46182251
1376,2023-01-04 00:00:00+00:00,7058124178.758519,3518117479.4764104,3540006699.2821093,19201932.26222992
1377,2023-01-05 00:00:00+00:00,4820176093.785605,2417541462.860368,2402634630.925237,20571524.535655975
1378,2023-01-06 00:00:00+00:00,6218568727.478035,3086173475.635861,3132395251.842174,18889869.16694641
1379,2023-01-07 00:00:00+00:00,2719986934.512402,1364659163.9123216,1355327770.6000807,
1380,2023-01-08 00:00:00+00:00,3769087805.1552553,1869674559.450149,1899413245.705106,
1381,2023-01-09 00:00:00+00:00,8390055103.424307,4190340352.51775,4199714750.9065566,56480482.76729584
1382,2023-01-10 00:00:00+00:00,6783507820.352449,3379904319.339464,3403603501.0129857,25908324.30009842
1383,2023-01-11 00:00:00+00:00,8297098145.478759,4127087983.0436587,4170010162.4351,25377100.49390793
1384,2023-01-12 00:00:00+00:00,17024302214.4846,8459882290.181966,8564419924.302634,79108235.27393341
1385,2023-01-13 00:00:00+00:00,14066124032.761206,6971504189.00412,7094619843.757087,65180558.24279785
1386,2023-01-14 00:00:00+00:00,17432813443.96008,8650186885.36446,8782626558.59562,
1387,2023-01-15 00:00:00+00:00,7620262242.273151,3854784127.7035747,3765478114.569577,
1388,2023-01-16 00:00:00+00:00,12021140477.9839,6014345800.292464,6006794677.691437,
1389,2023-01-17 00:00:00+00:00,11339590601.71723,5676215307.404707,5663375294.312522,84355873.92196655
1390,2023-01-18 00:00:00+00:00,13847237466.861982,7027197214.700479,6820040252.161504,64371353.54652405
1391,2023-01-19 00:00:00+00:00,9770202232.691317,4859031622.701337,4911170609.98998,50109996.16680145
1392,2023-01-20 00:00:00+00:00,13950734450.055534,6895093697.684091,7055640752.371443,55292329.38537598
1393,2023-01-21 00:00:00+00:00,15379397263.258429,7702158182.867478,7677239080.39095,
1394,2023-01-22 00:00:00+00:00,11331532497.771645,5733842516.650908,5597689981.120736,
1395,2023-01-23 00:00:00+00:00,12745988072.839437,6381430574.8118515,6364557498.027587,72591990.4214859
1396,2023-01-24 00:00:00+00:00,12561207515.029486,6360868973.509221,6200338541.520266,35914788.80119324
1397,2023-01-25 00:00:00+00:00,14851463593.79722,7440891686.325094,7410571907.472126,35396317.99650192
1398,2023-01-26 00:00:00+00:00,12428686588.502506,6284828082.599572,6143858505.902933,31340519.41394806
1399,2023-01-27 00:00:00+00:00,11964492036.067453,6016358497.8988695,5948133538.168585,28533059.207439423
1400,2023-01-28 00:00:00+00:00,5752351684.607773,2902505479.6746073,2849846204.9331656,
1401,2023-01-29 00:00:00+00:00,12957927028.745834,6389656945.652377,6568270083.093456,
1402,2023-01-30 00:00:00+00:00,13154428808.635313,6750619467.402913,6403809341.2324,55504899.60269928
1403,2023-01-31 00:00:00+00:00,10506152755.914997,5227302888.063147,5278849867.85185,27341144.141578674
1404,2023-02-01 00:00:00+00:00,12872853480.191486,6422300640.100685,6450552840.0908,33395998.992919922
1405,2023-02-02 00:00:00+00:00,15362002631.772772,7717623279.892601,7644379351.880171,75340525.77819824
1406,2023-02-03 00:00:00+00:00,13092103263.614248,6584481711.621871,6507621551.992377,33707519.16503906
1407,2023-02-04 00:00:00+00:00,6498041071.909642,3278298692.190589,3219742379.719053,
1408,2023-02-05 00:00:00+00:00,8603148280.023521,4359678595.264661,4243469684.75886,
1409,2023-02-06 00:00:00+00:00,10546495415.366354,5303057227.839498,5243438187.526856,20337071.520233154
1410,2023-02-07 00:00:00+00:00,12062604935.702778,5992140653.823897,6070464281.8788805,32532838.97857666
1411,2023-02-08 00:00:00+00:00,10560964043.884638,5355042434.163649,5205921609.720989,23818425.0
1412,2023-02-09 00:00:00+00:00,15700784217.305973,7997853226.990585,7702930990.315387,50906007.54804611
1413,2023-02-10 00:00:00+00:00,12671602686.782152,6393106715.769719,6278495971.012433,35199263.251686096
1414,2023-02-11 00:00:00+00:00,6891067570.350976,3428396898.0343566,3462670672.31662,
1415,2023-02-12 00:00:00+00:00,7709939989.327617,3879678983.447691,3830261005.8799257,
1416,2023-02-13 00:00:00+00:00,10913466568.479013,5500059974.572783,5413406593.906229,25555244.844436646
1417,2023-02-14 00:00:00+00:00,12646716758.083536,6290878924.746107,6355837833.337429,25749220.905303955
1418,2023-02-15 00:00:00+00:00,14497396178.436666,7108071276.552459,7389324901.884207,41253866.258621216
1419,2023-02-16 00:00:00+00:00,18624936001.59211,9382592482.985493,9242343518.606617,49081921.41723633
1420,2023-02-17 00:00:00+00:00,19579574885.323765,9767927597.387306,9811647287.93646,42231519.3397522
1421,2023-02-18 00:00:00+00:00,7846462793.161682,3935296004.8542547,3911166788.3074274,
1422,2023-02-19 00:00:00+00:00,11135381480.593063,5590577106.405857,5544804374.187205,
1423,2023-02-20 00:00:00+00:00,13038373397.249031,6505584770.185794,6532788627.063237,
1424,2023-02-21 00:00:00+00:00,14580048246.608347,7321421819.394746,7258626427.2136,28731780.27677536
1425,2023-02-22 00:00:00+00:00,14386066222.183327,7263613492.714407,7122452729.46892,35687243.76487732
1426,2023-02-23 00:00:00+00:00,14960613106.895302,7536389245.706497,7424223861.188805,18487761.53383255
1427,2023-02-24 00:00:00+00:00,13019230450.549524,6600344869.942585,6418885580.606938,21409572.071266174
1428,2023-02-25 00:00:00+00:00,6755323445.578593,3400050224.895981,3355273220.682612,
1429,2023-02-26 00:00:00+00:00,7286178716.75804,3612733718.243525,3673444998.5145154,
1430,2023-02-27 00:00:00+00:00,10493700462.910633,5285123959.398051,5208576503.512583,13958051.721954346
1431,2023-02-28 00:00:00+00:00,9176277798.395088,4623868618.588285,4552409179.806803,12639761.95821762
1432,2023-03-01 00:00:00+00:00,11406308425.691156,5691410507.288678,5714897918.402478,15910273.316383362
1433,2023-03-02 00:00:00+00:00,8934847390.98876,4483090441.37392,4451756949.614839,14601586.290359497
1434,2023-03-03 00:00:00+00:00,12417166709.989216,6329725619.730462,6087441090.258754,33557625.0
1435,2023-03-04 00:00:00+00:00,4004820330.9084263,2025624430.4921093,1979195900.416317,
1436,2023-03-05 00:00:00+00:00,5414754300.226575,2697557179.0524898,2717197121.1740847,
1437,2023-03-06 00:00:00+00:00,6937245981.172816,3471976131.8552175,3465269849.3175993,33329110.29624939
1438,2023-03-07 00:00:00+00:00,10004398665.875465,5033587144.662179,4970811521.213287,103199996.94824219
1439,2023-03-08 00:00:00+00:00,10017378707.228685,5071693872.18974,4945684835.038945,62069118.92700195
1440,2023-03-09 00:00:00+00:00,14445771738.22109,7409300636.443541,7036471101.77755,49049060.792827606
1441,2023-03-10 00:00:00+00:00,19195907759.484356,9633808066.961544,9562099692.52281,32922989.657974243
1442,2023-03-11 00:00:00+00:00,13940922935.327545,6958485870.106202,6982437065.221343,
1443,2023-03-12 00:00:00+00:00,13510074944.800314,6675632432.104261,6834442512.696053,
1444,2023-03-13 00:00:00+00:00,24388031610.522896,12070762805.834536,12317268804.688362,85624052.41794586
1445,2023-03-14 00:00:00+00:00,27191174112.911358,13499259922.721142,13691914190.190214,72747521.76570892
1446,2023-03-15 00:00:00+00:00,21358223705.42819,10698730167.13708,10659493538.291107,41464770.430374146
1447,2023-03-16 00:00:00+00:00,15973984022.104187,7950782370.597611,8023201651.506576,46220285.62746048
1448,2023-03-17 00:00:00+00:00,25404463834.148666,12361340416.152739,13043123417.995926,120290739.37911987
1449,2023-03-18 00:00:00+00:00,15706709723.684381,7859407576.464769,7847302147.219613,
1450,2023-03-19 00:00:00+00:00,15653838447.558878,7686088356.616177,7967750090.942702,
1451,2023-03-20 00:00:00+00:00,20165900726.757843,10017210689.797909,10148690036.959934,99566400.0
1452,2023-03-21 00:00:00+00:00,16810060171.604776,8355380469.34983,8454679702.254948,60076800.0
1453,2023-03-22 00:00:00+00:00,12241652323.932467,6154748890.085926,6086903433.84654,89863227.54535675
1454,2023-03-23 00:00:00+00:00,8314403678.449234,4124245175.290188,4190158503.159046,63037941.49360657
1455,2023-03-24 00:00:00+00:00,6342248327.232002,3239480130.9370174,3102768196.2949853,32500800.0
1456,2023-03-25 00:00:00+00:00,3272106593.4926925,1632711520.4754856,1639395073.0172067,
1457,2023-03-26 00:00:00+00:00,3400146103.584403,1655342938.1327922,1744803165.4516106,
1458,2023-03-27 00:00:00+00:00,5861716302.962651,3014759885.3535724,2846956417.609079,50415867.48466492
1459,2023-03-28 00:00:00+00:00,5500303701.557316,2759349626.255431,2740954075.3018847,37286045.17993927
1460,2023-03-29 00:00:00+00:00,6598563372.368481,3215877846.279725,3382685526.088756,41646528.40118408
1461,2023-03-30 00:00:00+00:00,7789664995.395394,3905396383.519451,3884268611.875943,28561427.449035645
1462,2023-03-31 00:00:00+00:00,6149468159.542054,3025273247.197814,3124194912.34424,43861161.63635254
1463,2023-04-01 00:00:00+00:00,2525937325.6430755,1264039641.6233857,1261897684.0196898,
1464,2023-04-02 00:00:00+00:00,2914207521.0932846,1501664506.7231014,1412543014.3701832,
1465,2023-04-03 00:00:00+00:00,6349560871.462422,3178646938.9737997,3170913932.488622,33623143.40171814
1466,2023-04-04 00:00:00+00:00,4336315987.773129,2141068578.0818825,2195247409.691247,30729384.07344818
1467,2023-04-05 00:00:00+00:00,4794904760.941909,2390782879.4957013,2404121881.446208,25870001.853370667
1468,2023-04-06 00:00:00+00:00,3326104845.0135303,1677853042.2049735,1648251802.8085568,24597052.61077881
1469,2023-04-07 00:00:00+00:00,2006688290.649461,1004640051.7244506,1002048238.9250104,
1470,2023-04-08 00:00:00+00:00,1529741232.0458875,760184512.5219221,769556719.5239654,
1471,2023-04-09 00:00:00+00:00,2467036392.241937,1197585616.049081,1269450776.1928558,
1472,2023-04-10 00:00:00+00:00,5272445024.748167,2500144652.960375,2772300371.7877917,80881943.11981201
1473,2023-04-11 00:00:00+00:00,5945168400.654852,2901275201.125809,3043893199.5290422,91387352.45876312
1474,2023-04-12 00:00:00+00:00,5278490805.976489,2652532900.852709,2625957905.1237803,43028348.23074341
1475,2023-04-13 00:00:00+00:00,4570828052.014616,2228712358.0185633,2342115693.996053,45796981.97402954
1476,2023-04-14 00:00:00+00:00,6454589016.81794,3160619348.887309,3293969667.9306307,53119668.93005371
1477,2023-04-15 00:00:00+00:00,2412240469.8805,1235571954.6013594,1176668515.2791407,
1478,2023-04-16 00:00:00+00:00,2716031551.064441,1368549420.342728,1347482130.721713,
1479,2023-04-17 00:00:00+00:00,5060740363.494053,2623284431.0917587,2437455932.4022946,39047947.75943756
1480,2023-04-18 00:00:00+00:00,5553185915.560511,2693188021.25043,2859997894.3100805,40880612.54425049
1481,2023-04-19 00:00:00+00:00,7379851387.006388,3815283100.2166924,3564568286.789695,64005414.59770203
1482,2023-04-20 00:00:00+00:00,5994099853.3235,3101000139.296998,2893099714.0265017,42367541.18270874
1483,2023-04-21 00:00:00+00:00,5855344921.466658,2968063362.5982137,2887281558.8684444,37560719.52867508
1484,2023-04-22 00:00:00+00:00,2852474421.5481167,1360151611.9464695,1492322809.6016474,
1485,2023-04-23 00:00:00+00:00,2797023061.1924195,1381175629.1239204,1415847432.068499,
1486,2023-04-24 00:00:00+00:00,4754340300.791679,2390139743.600378,2364200557.1913013,37167704.43248749
1487,2023-04-25 00:00:00+00:00,4517594030.486151,2198548386.974373,2319045643.5117784,28094880.071640015
1488,2023-04-26 00:00:00+00:00,11129253186.40194,5519295093.60872,5609958092.79322,38255850.96645355
1489,2023-04-27 00:00:00+00:00,8312343522.47529,4090077884.8201942,4222265637.655096,31993885.03932953
1490,2023-04-28 00:00:00+00:00,4373627515.843728,2191860912.9063725,2181766602.937356,20385430.094718933
1491,2023-04-29 00:00:00+00:00,1905430543.918949,965508625.0479081,939921918.8710409,
1492,2023-04-30 00:00:00+00:00,3539489406.770962,1775544956.2921712,1763944450.4787908,
1493,2023-05-01 00:00:00+00:00,5262780869.678269,2746577680.0301075,2516203189.648162,27178550.0
1494,2023-05-02 00:00:00+00:00,4152236442.344231,2066166209.6334264,2086070232.7108047,39148768.78890991
1495,2023-05-03 00:00:00+00:00,5731869083.698034,2878437057.368871,2853432026.3291626,27804810.648727417
1496,2023-05-04 00:00:00+00:00,4133566753.1729097,2141513451.5104356,1992053301.662474,30533093.592453003
1497,2023-05-05 00:00:00+00:00,5097016509.365774,2545577826.4226127,2551438682.943161,22253077.293014526
1498,2023-05-06 00:00:00+00:00,3999084411.150406,2079106259.8665476,1919978151.283858,
1499,2023-05-07 00:00:00+00:00,2565085909.077458,1284269485.6338446,1280816423.4436135,
1500,2023-05-08 00:00:00+00:00,5310951509.526501,2749656095.3569064,2561295414.1695943,38813775.572776794
1501,2023-05-09 00:00:00+00:00,3204877643.19043,1612001583.5638826,1592876059.6265476,16242551.84173584
1502,2023-05-10 00:00:00+00:00,6223966027.965383,3151228932.862919,3072737095.102464,31991193.71366501
1503,2023-05-11 00:00:00+00:00,4337904418.298561,2241024165.21876,2096880253.079801,37497347.60971069
1504,2023-05-12 00:00:00+00:00,5376064010.435869,2731839661.1646957,2644224349.2711735,43157890.69271088
1505,2023-05-13 00:00:00+00:00,1801084313.2723591,916424330.4572624,884659982.8150967,
1506,2023-05-14 00:00:00+00:00,1991229850.3702066,987664976.5312612,1003564873.8389454,
1507,2023-05-15 00:00:00+00:00,3927757117.2377234,1979157835.5160973,1948599281.7216263,33109500.0
1508,2023-05-16 00:00:00+00:00,3348348626.198832,1736484130.6585438,1611864495.5402882,23563078.184318542
1509,2023-05-17 00:00:00+00:00,3984038256.291269,2009556612.301491,1974481643.9897778,20646492.629241943
1510,2023-05-18 00:00:00+00:00,4200035295.1142144,2161385283.5960984,2038650011.5181158,22183728.117370605
1511,2023-05-19 00:00:00+00:00,2960870650.2682104,1513644773.8746948,1447225876.3935156,16181555.386066437
1512,2023-05-20 00:00:00+00:00,1338297383.8725584,682287751.0446221,656009632.8279363,
1513,2023-05-21 00:00:00+00:00,1880737199.82754,995916764.9070779,884820434.920462,
1514,2023-05-22 00:00:00+00:00,2868113613.6736503,1467154291.6130207,1400959322.0606298,22181807.344055176
1515,2023-05-23 00:00:00+00:00,3651449833.290679,1841688085.467255,1809761747.8234236,15939258.915138245
1516,2023-05-24 00:00:00+00:00,4892851886.999627,2547582635.9489555,2345269251.050671,30900027.811431885
1517,2023-05-25 00:00:00+00:00,4547985145.281977,2336055911.4145274,2211929233.8674493,17532992.291641235
1518,2023-05-26 00:00:00+00:00,3497014035.7275925,1779310151.7696023,1717703883.9579904,19503065.89241028
1519,2023-05-27 00:00:00+00:00,1710602973.9757469,872517419.6943368,838085554.28141,
1520,2023-05-28 00:00:00+00:00,4482796001.681402,2144833105.7930443,2337962895.888358,
1521,2023-05-29 00:00:00+00:00,4151205096.8475513,2129404320.0718021,2021800776.7757492,
1522,2023-05-30 00:00:00+00:00,3880566251.6391916,1994919020.1838148,1885647231.4553769,26952170.71647644
1523,2023-05-31 00:00:00+00:00,5374428549.979266,2798057878.5294094,2576370671.4498568,15642918.386650085
1524,2023-06-01 00:00:00+00:00,4612256951.9675045,2367265003.266814,2244991948.7006903,23293495.31621933
1525,2023-06-02 00:00:00+00:00,4696226350.43339,2373324676.386308,2322901674.0470815,19345414.153957367
1526,2023-06-03 00:00:00+00:00,1942563731.11006,991763670.143036,950800060.967024,
1527,2023-06-04 00:00:00+00:00,2608435823.886803,1305104746.346463,1303331077.5403402,
1528,2023-06-05 00:00:00+00:00,7974585401.147897,4102638611.916029,3871946789.2318683,24120970.669555664
1529,2023-06-06 00:00:00+00:00,7095925614.778522,3519530756.943598,3576394857.834924,30997634.572029114
1530,2023-06-07 00:00:00+00:00,6195508606.505668,3223945499.1671677,2971563107.3385005,25120811.861419678
1531,2023-06-08 00:00:00+00:00,3486760591.3023076,1780473266.8701384,1706287324.432169,15174060.417938232
1532,2023-06-09 00:00:00+00:00,2951506696.726774,1521372233.968881,1430134462.757893,18398151.948165894
1533,2023-06-10 00:00:00+00:00,6147411294.618461,3180012349.4453363,2967398945.1731243,
1534,2023-06-11 00:00:00+00:00,2832017192.9773903,1434054963.3724167,1397962229.6049738,
1535,2023-06-12 00:00:00+00:00,3392894322.422135,1728570213.2466266,1664324109.175508,29928031.738948822
1536,2023-06-13 00:00:00+00:00,4167646083.6847835,2078624028.5789387,2089022055.1058445,23574401.382637024
1537,2023-06-14 00:00:00+00:00,3898486208.038774,2048159189.9275918,1850327018.111182,16092336.277770996
1538,2023-06-15 00:00:00+00:00,4188789367.7433553,2110963990.4095001,2077825377.3338552,30024039.14527893
1539,2023-06-16 00:00:00+00:00,4390889709.523341,2252307705.56105,2138582003.9622915,79614359.39741135
1540,2023-06-17 00:00:00+00:00,2637732097.66821,1341317962.410306,1296414135.257904,
1541,2023-06-18 00:00:00+00:00,2056685113.3810687,1053250728.904948,1003434384.4761207,
1542,2023-06-19 00:00:00+00:00,3467850401.7954683,1744769530.7779365,1723080871.017532,
1543,2023-06-20 00:00:00+00:00,7067119639.840991,3457829115.8866315,3609290523.9543595,172533893.90602112
1544,2023-06-21 00:00:00+00:00,11359916096.561913,5527487706.644097,5832428389.917816,169564445.42942047
1545,2023-06-22 00:00:00+00:00,6038673562.5959015,3085194461.337381,2953479101.25852,87814800.0
1546,2023-06-23 00:00:00+00:00,7914169060.935392,3991714721.937732,3922454338.9976606,124617944.46811676
1547,2023-06-24 00:00:00+00:00,3626854065.8422856,1858870375.8190117,1767983690.023274,
1548,2023-06-25 00:00:00+00:00,3722142709.8158064,1884272586.7086792,1837870123.107127,
1549,2023-06-26 00:00:00+00:00,5457380231.432178,2762665802.9100327,2694714428.5221443,92663461.55548096
1550,2023-06-27 00:00:00+00:00,5712304352.433223,2834638505.0602827,2877665847.3729405,90112997.8219986
1551,2023-06-28 00:00:00+00:00,4276633384.779273,2224103210.904815,2052530173.8744574,79743852.61535645
1552,2023-06-29 00:00:00+00:00,3388842358.600874,1741136185.3207023,1647706173.2801716,49885733.0532074
1553,2023-06-30 00:00:00+00:00,8734128972.806408,4386566439.175394,4347562533.631014,141533929.93888855
1554,2023-07-01 00:00:00+00:00,1914301694.9819045,972294444.5301015,942007250.4518028,
1555,2023-07-02 00:00:00+00:00,2656498266.0657988,1379591908.052287,1276906358.0135117,
1556,2023-07-03 00:00:00+00:00,4533449122.666938,2254429280.9785767,2279019841.688361,65321392.4369812
1557,2023-07-04 00:00:00+00:00,3503018388.135999,1877272851.000996,1625745537.135003,
1558,2023-07-05 00:00:00+00:00,3588883357.3466063,1857778530.723696,1731104826.6229103,68645173.91967773
1559,2023-07-06 00:00:00+00:00,7412192419.837585,3870254701.135852,3541937718.7017336,56193879.786491394
1560,2023-07-07 00:00:00+00:00,4031061230.3420076,2074775069.5631132,1956286160.7788944,50295607.644081116
1561,2023-07-08 00:00:00+00:00,1540378186.90988,808790505.693637,731587681.2162429,
1562,2023-07-09 00:00:00+00:00,1896635264.6922708,967564504.8833414,929070759.8089293,
1563,2023-07-10 00:00:00+00:00,4671088380.588967,2369063629.3103952,2302024751.278572,53967002.38208771
1564,2023-07-11 00:00:00+00:00,3598405261.7386036,1819137095.8162334,1779268165.9223702,58400879.89425659
1565,2023-07-12 00:00:00+00:00,4622745096.551906,2353368686.785402,2269376409.7665033,68282172.64442444
1566,2023-07-13 00:00:00+00:00,7663606338.42216,3699383320.120334,3964223018.301826,183188108.8092804
1567,2023-07-14 00:00:00+00:00,6078709220.567654,3177218485.1891017,2901490735.378552,125627775.0
1568,2023-07-15 00:00:00+00:00,1565483283.3282993,775743301.4854051,789739981.8428943,
1569,2023-07-16 00:00:00+00:00,1777471322.3472812,921456427.3436655,856014895.0036157,
1570,2023-07-17 00:00:00+00:00,3655954240.4515305,1915191085.9842436,1740763154.467287,67058688.25683594
1571,2023-07-18 00:00:00+00:00,3696244934.336192,1918387172.7588532,1777857761.5773387,116338269.59609985
1572,2023-07-19 00:00:00+00:00,3219149903.9239235,1628444184.015794,1590705719.9081295,44049495.83263397
1573,2023-07-20 00:00:00+00:00,4220374771.244169,2149444320.7458363,2070930450.498333,60664353.47251892
1574,2023-07-21 00:00:00+00:00,2819588194.0949793,1415737984.785946,1403850209.3090336,30913575.0
1575,2023-07-22 00:00:00+00:00,1655415336.8868785,862693302.0415848,792722034.8452936,
1576,2023-07-23 00:00:00+00:00,2337595580.1411495,1153777189.8643882,1183818390.2767615,
1577,2023-07-24 00:00:00+00:00,4593661247.939147,2403139375.112754,2190521872.8263927,61221122.43270874
1578,2023-07-25 00:00:00+00:00,2415124732.539511,1233454680.8841674,1181670051.655344,31214511.12422943
1579,2023-07-26 00:00:00+00:00,3763210009.1096644,1914536973.8793578,1848673035.2303064,24179004.287338257
1580,2023-07-27 00:00:00+00:00,3065656836.377046,1577726455.339877,1487930381.037169,50901679.31060791
1581,2023-07-28 00:00:00+00:00,3360976220.0448437,1712235179.5742292,1648741040.4706142,40603290.827178955
1582,2023-07-29 00:00:00+00:00,1423617241.8412416,710926331.2724714,712690910.5687702,
1583,2023-07-30 00:00:00+00:00,2123197449.49654,1081572804.6685565,1041624644.8279836,
1584,2023-07-31 00:00:00+00:00,3619685910.7242756,1832463793.0449088,1787222117.6793668,35834314.427948
1585,2023-08-01 00:00:00+00:00,6353237813.03609,3229801851.6048703,3123435961.4312196,52491378.524017334
1586,2023-08-02 00:00:00+00:00,5871930548.921014,2984634855.7422915,2887295693.178723,52414095.58258057
1587,2023-08-03 00:00:00+00:00,4420078345.973157,2232909447.7710476,2187168898.20211,46229288.17253113
1588,2023-08-04 00:00:00+00:00,3659740384.8062,1888047445.4981303,1771692939.30807,28678160.975456238
1589,2023-08-05 00:00:00+00:00,1469608234.8764503,757530285.5489007,712077949.3275495,
1590,2023-08-06 00:00:00+00:00,1597863591.7100024,809461321.1448448,788402270.5651577,
1591,2023-08-07 00:00:00+00:00,3947432999.9324145,2002510381.4092073,1944922618.523207,45104555.64079285
1592,2023-08-08 00:00:00+00:00,5764835953.652372,2799342857.2488365,2965493096.4035363,68213586.51809692
1593,2023-08-09 00:00:00+00:00,4684443656.893043,2358947244.1546474,2325496412.738395,61724460.2394104
1594,2023-08-10 00:00:00+00:00,3360392688.9278417,1738474442.425237,1621918246.5026047,43805518.312072754
1595,2023-08-11 00:00:00+00:00,2850356919.338892,1462501935.1712036,1387854984.1676881,35594737.451934814
1596,2023-08-12 00:00:00+00:00,1244475182.0110605,641212015.0709702,603263166.9400903,
1597,2023-08-13 00:00:00+00:00,1467560731.1741261,757483232.1676681,710077499.006458,
1598,2023-08-14 00:00:00+00:00,4403579635.813873,2246861166.8020945,2156718469.0117784,54688174.2811203
1599,2023-08-15 00:00:00+00:00,3263145674.942867,1705846790.4438095,1557298884.499057,49240435.61782837
1600,2023-08-16 00:00:00+00:00,4159354701.9588795,2199452115.3873296,1959902586.5715501,52561457.527160645
1601,2023-08-17 00:00:00+00:00,10367216784.464174,5451711304.0623865,4915505480.401788,84486391.41273499
1602,2023-08-18 00:00:00+00:00,7173907206.22489,3676949746.596008,3496957459.628882,80560258.23383331
1603,2023-08-19 00:00:00+00:00,2816825836.614397,1412847901.0261679,1403977935.5882294,
1604,2023-08-20 00:00:00+00:00,2108917256.3304014,1052542818.0833936,1056374438.247008,
1605,2023-08-21 00:00:00+00:00,3715964643.1478553,1911399501.037283,1804565142.110572,40982170.81985474
1606,2023-08-22 00:00:00+00:00,4096133570.1603565,2098474684.2393684,1997658885.920988,31412600.0
1607,2023-08-23 00:00:00+00:00,4882740638.386353,2405863007.035781,2476877631.350571,45234893.32809448
1608,2023-08-24 00:00:00+00:00,3309723013.281818,1709663068.6906412,1600059944.5911765,25529920.440673828
1609,2023-08-25 00:00:00+00:00,3352660739.662838,1690889999.3646305,1661770740.2982075,31535360.693359375
1610,2023-08-26 00:00:00+00:00,964882207.0097402,498716395.9991024,466165811.0106378,
1611,2023-08-27 00:00:00+00:00,1167812586.9959288,582407665.5450262,585404921.4509026,
1612,2023-08-28 00:00:00+00:00,2753504484.399529,1409956129.9780025,1343548354.4215267,20914925.909233093
1613,2023-08-29 00:00:00+00:00,7060298738.630677,3464953409.0974007,3595345329.533277,402054901.5563965
1614,2023-08-30 00:00:00+00:00,4576852216.206256,2354121261.675113,2222730954.531142,104267866.1567688
1615,2023-08-31 00:00:00+00:00,5321138664.952988,2749254585.4632645,2571884079.489723,90054967.59338379
1616,2023-09-01 00:00:00+00:00,4077949097.989776,2095108734.9457653,1982840363.0440109,42165814.95552063
1617,2023-09-02 00:00:00+00:00,1670046167.6634283,851842355.3280299,818203812.3353984,
1618,2023-09-03 00:00:00+00:00,2005220497.5682254,999584040.7976539,1005636456.7705716,
1619,2023-09-04 00:00:00+00:00,2580845414.533596,1337393339.048453,1243452075.485143,
1620,2023-09-05 00:00:00+00:00,2725711456.651001,1414465164.0456393,1311246292.6053617,33896413.60588074
1621,2023-09-06 00:00:00+00:00,3418850474.778571,1752047194.804032,1666803279.974539,39381780.80768585
1622,2023-09-07 00:00:00+00:00,2443831985.1462436,1199469486.4443355,1244362498.701908,39979948.41957092
1623,2023-09-08 00:00:00+00:00,2229365379.9939284,1126641908.0675578,1102723471.9263709,42963728.30162048
1624,2023-09-09 00:00:00+00:00,696233014.7019674,356537648.4799632,339695366.2220042,
1625,2023-09-10 00:00:00+00:00,1388214903.1494515,721630874.6664156,666584028.4830358,
1626,2023-09-11 00:00:00+00:00,3305796849.525369,1749508405.296867,1556288444.2285023,39250789.19715881
1627,2023-09-12 00:00:00+00:00,4282820342.396733,2160171031.632416,2122649310.7643173,46351116.55082703
1628,2023-09-13 00:00:00+00:00,2409625206.0032134,1222094061.853742,1187531144.1494715,35240743.32046509
1629,2023-09-14 00:00:00+00:00,2728540425.250215,1344825284.101573,1383715141.1486423,33270760.4347229
1630,2023-09-15 00:00:00+00:00,2015138084.3777301,1010996679.5460398,1004141404.8316903,18807390.223503113
1631,2023-09-16 00:00:00+00:00,990315676.7062519,523288228.1038262,467027448.6024256,
1632,2023-09-17 00:00:00+00:00,815937938.190386,426867900.82418233,389070037.3662038,
1633,2023-09-18 00:00:00+00:00,3126096580.140179,1544287267.4481895,1581809312.69199,51726775.7686615
1634,2023-09-19 00:00:00+00:00,2776282312.1881824,1383391759.7806687,1392890552.4075136,42255232.32498169
1635,2023-09-20 00:00:00+00:00,2640945867.8826976,1327320035.8385587,1313625832.0441387,35963898.14128876
1636,2023-09-21 00:00:00+00:00,2337596672.8102117,1224843364.6813982,1112753308.1288133,30409500.0
1637,2023-09-22 00:00:00+00:00,1582007806.8699815,819096661.8559866,762911145.0139949,17471159.647369385
1638,2023-09-23 00:00:00+00:00,581740857.9524645,289641065.39526415,292099792.5572003,
1639,2023-09-24 00:00:00+00:00,1097381794.4309354,588197491.8437171,509184302.5872182,
1640,2023-09-25 00:00:00+00:00,2042569262.3921216,1023667528.7104088,1018901733.6817129,28765396.1894989
1641,2023-09-26 00:00:00+00:00,1454991341.9510424,749678054.1804942,705313287.7705481,28852143.121147156
1642,2023-09-27 00:00:00+00:00,2690097303.817319,1364775767.1596558,1325321536.657663,27715329.717063904
1643,2023-09-28 00:00:00+00:00,3422317958.8215294,1654058750.3451967,1768259208.4763324,53139200.0
1644,2023-09-29 00:00:00+00:00,2324576652.046487,1161868346.1367664,1162708305.9097204,26562798.739242554
1645,2023-09-30 00:00:00+00:00,831307954.4179726,403997476.8420115,427310477.575961,
1646,2023-10-01 00:00:00+00:00,2116999256.776203,1008036593.6797557,1108962663.0964472,
1647,2023-10-02 00:00:00+00:00,4754987379.1717,2377777431.4257507,2377209947.745949,55942092.194366455
1648,2023-10-03 00:00:00+00:00,2394616048.808796,1236486081.6779306,1158129967.130865,40018462.756347656
1649,2023-10-04 00:00:00+00:00,2169100392.669882,1073411485.4425833,1095688907.2272987,56686042.28210449
1650,2023-10-05 00:00:00+00:00,2528698178.248751,1290407933.7780523,1238290244.4706988,60931583.846473694
1651,2023-10-06 00:00:00+00:00,3032133716.827912,1502406797.0518832,1529726919.7760284,40554098.10447693
1652,2023-10-07 00:00:00+00:00,1034879195.1546017,531545701.2256944,503333493.9289073,
1653,2023-10-08 00:00:00+00:00,1337679247.0441337,698842769.0740356,638836477.970098,
1654,2023-10-09 00:00:00+00:00,2526789426.652668,1335906320.5881994,1190883106.0644686,38400600.0
1655,2023-10-10 00:00:00+00:00,1909399857.2680213,998305406.6343194,911094450.6337018,48677873.81954193
1656,2023-10-11 00:00:00+00:00,2911679121.1766796,1562057776.5629668,1349621344.6137128,45334115.310668945
1657,2023-10-12 00:00:00+00:00,1801464697.1726427,952047714.254846,849416982.9177967,31853822.72834778
1658,2023-10-13 00:00:00+00:00,1785311754.0032148,912510942.483647,872800811.5195678,44770879.49371338
1659,2023-10-14 00:00:00+00:00,696118271.3962398,360782561.05712736,335335710.3391124,
1660,2023-10-15 00:00:00+00:00,1218452218.9267037,568471566.5177996,649980652.4089041,
1661,2023-10-16 00:00:00+00:00,7066050995.362717,3380891110.547388,3685159884.815328,186751873.46420288
1662,2023-10-17 00:00:00+00:00,3011506335.8487864,1525491738.7674267,1486014597.0813596,61458543.576812744
1663,2023-10-18 00:00:00+00:00,2768615170.5524173,1405530309.222144,1363084861.3302734,67460426.82495117
1664,2023-10-19 00:00:00+00:00,2839229084.30777,1396573174.9084568,1442655909.399313,89532848.04267883
1665,2023-10-20 00:00:00+00:00,4958700289.143446,2396642792.200638,2562057496.942808,147589244.18945312
1666,2023-10-21 00:00:00+00:00,1996841470.3262713,983849307.5454065,1012992162.7808648,
1667,2023-10-22 00:00:00+00:00,1785539867.5403333,905229773.7389336,880310093.8013997,
1668,2023-10-23 00:00:00+00:00,8863242676.835035,4287188996.850978,4576053679.984058,187846937.41989136
1669,2023-10-24 00:00:00+00:00,9786052868.99603,4817184349.310259,4968868519.685771,239424166.60346985
1670,2023-10-25 00:00:00+00:00,5189454577.897987,2593921847.956105,2595532729.9418826,132897157.5416565
1671,2023-10-26 00:00:00+00:00,3819010810.14669,1955074268.3081539,1863936541.838536,137307716.4390564
1672,2023-10-27 00:00:00+00:00,3306550903.0205684,1769911845.4278588,1536639057.5927095,99748514.7857666
1673,2023-10-28 00:00:00+00:00,1516565137.246301,778578088.0431901,737987049.2031108,
1674,2023-10-29 00:00:00+00:00,1858995213.9077778,938645595.8607575,920349618.0470203,
1675,2023-10-30 00:00:00+00:00,3173463942.406213,1652647352.8392227,1520816589.5669901,124564565.84663391
1676,2023-10-31 00:00:00+00:00,3031064620.572516,1544823959.4598756,1486240661.1126404,78698484.67311859
1677,2023-11-01 00:00:00+00:00,4888337748.738401,2444986571.801532,2443351176.9368696,94077351.86462402
1678,2023-11-02 00:00:00+00:00,4748483664.046215,2420482849.3774605,2328000814.6687546,111943024.1821289
1679,2023-11-03 00:00:00+00:00,3781877207.385534,1929705495.3774302,1852171712.0081036,85012737.60223389
1680,2023-11-04 00:00:00+00:00,1767954806.8076844,862143553.7825031,905811253.0251814,
1681,2023-11-05 00:00:00+00:00,2384781009.8063273,1207545453.9107327,1177235555.8955944,
1682,2023-11-06 00:00:00+00:00,2320043742.081051,1153468481.915577,1166575260.1654737,77483947.19352722
1683,2023-11-07 00:00:00+00:00,3586901234.8833613,1771978932.2471228,1814922302.6362388,106243291.44229889
1684,2023-11-08 00:00:00+00:00,3440054696.307939,1662232965.9558487,1777821730.3520906,105709497.09892273
1685,2023-11-09 00:00:00+00:00,8613798896.086214,4161344749.6006055,4452454146.485608,229392105.20324707
1686,2023-11-10 00:00:00+00:00,4157811815.2009826,2089588169.3471098,2068223645.8538728,159537284.82589722
1687,2023-11-11 00:00:00+00:00,2246574920.3957295,1163295746.074447,1083279174.3212829,
1688,2023-11-12 00:00:00+00:00,1714893798.919183,869978887.2921383,844914911.6270447,
1689,2023-11-13 00:00:00+00:00,3649187997.916893,1886803075.9843976,1762384921.9324956,93692344.27814484
1690,2023-11-14 00:00:00+00:00,4995850886.635488,2614148314.522502,2381702572.112986,148868664.4142151
1691,2023-11-15 00:00:00+00:00,5731377659.568198,2782549804.646579,2948827854.9216194,138038785.0616455
1692,2023-11-16 00:00:00+00:00,5012801170.121701,2649762084.589419,2363039085.5322824,144985871.55303955
1693,2023-11-17 00:00:00+00:00,4086620040.828102,2047084334.392155,2039535706.4359472,85816197.32246399
1694,2023-11-18 00:00:00+00:00,1681911211.091095,860359848.8160831,821551362.275012,
1695,2023-11-19 00:00:00+00:00,2072344587.9506702,1019615169.029766,1052729418.9209042,
1696,2023-11-20 00:00:00+00:00,4257091006.833836,2157090075.998664,2100000930.8351722,117116409.5993042
1697,2023-11-21 00:00:00+00:00,5802037488.906199,3027370357.796727,2774667131.1094723,122464803.19976807
1698,2023-11-22 00:00:00+00:00,4984975258.656497,2428048989.1010523,2556926269.555445,98551427.46925354
1699,2023-11-23 00:00:00+00:00,2766236121.007108,1422616606.7928672,1343619514.2142413,
1700,2023-11-24 00:00:00+00:00,5043775565.6088,2474306776.813551,2569468788.795249,108014685.83145142
1701,2023-11-25 00:00:00+00:00,1394274909.3117075,740015811.9812958,654259097.3304118,
1702,2023-11-26 00:00:00+00:00,2243817740.4583244,1151295165.1652677,1092522575.2930567,
1703,2023-11-27 00:00:00+00:00,3644313716.926257,1849074970.3122122,1795238746.6140451,120347746.17004395
1704,2023-11-28 00:00:00+00:00,4440076193.845491,2170505324.9164658,2269570868.929025,117503941.85352325
1705,2023-11-29 00:00:00+00:00,3858127614.0989847,1948922672.1295614,1909204941.9694235,131807887.70866394
1706,2023-11-30 00:00:00+00:00,2573392718.775345,1301231666.1704524,1272161052.6048927,106531966.4560318
1707,2023-12-01 00:00:00+00:00,4913973312.93482,2389513046.436011,2524460266.49881,158878453.70788574
1708,2023-12-02 00:00:00+00:00,2917283458.00007,1457346709.8476214,1459936748.1524487,
1709,2023-12-03 00:00:00+00:00,2933160595.139178,1447640491.4039311,1485520103.7352464,
1710,2023-12-04 00:00:00+00:00,8800274458.615238,4440185504.751954,4360088953.863284,222821692.5125122
1711,2023-12-05 00:00:00+00:00,8375041115.494783,4118128168.8527827,4256912946.6420007,292432127.2872925
1712,2023-12-06 00:00:00+00:00,6465679712.789745,3282527202.136689,3183152510.6530566,207072097.1420288
1713,2023-12-07 00:00:00+00:00,5546801804.808161,2866261512.9097466,2680540291.898414,234785335.546875
1714,2023-12-08 00:00:00+00:00,5036632473.712359,2532125075.476934,2504507398.235425,131056750.8052826
1715,2023-12-09 00:00:00+00:00,3190335798.705899,1721180059.3515272,1469155739.3543718,
1716,2023-12-10 00:00:00+00:00,2313841275.3239884,1202567209.3641517,1111274065.9598365,
1717,2023-12-11 00:00:00+00:00,9667180719.255365,5026009844.781216,4641170874.474149,242765087.15286255
1718,2023-12-12 00:00:00+00:00,5309960595.790476,2653632810.2836165,2656327785.506859,147432321.92230225
1719,2023-12-13 00:00:00+00:00,5806790955.241204,2934790296.986736,2872000658.2544684,221092198.9479065
1720,2023-12-14 00:00:00+00:00,5843780665.161953,2942094057.7738843,2901686607.388069,183696158.03146362
1721,2023-12-15 00:00:00+00:00,4222298181.3846965,2143135127.6214385,2079163053.7632582,143260913.58947754
1722,2023-12-16 00:00:00+00:00,2736996951.937673,1354416720.4705849,1382580231.4670885,
1723,2023-12-17 00:00:00+00:00,3470515462.3893943,1804614097.8502672,1665901364.539127,
1724,2023-12-18 00:00:00+00:00,5866817826.244935,2962008209.295524,2904809616.9494114,181801294.81887817
1725,2023-12-19 00:00:00+00:00,5346597881.798841,2679764340.652361,2666833541.1464806,143983966.6015625
1726,2023-12-20 00:00:00+00:00,6537087386.984654,3242136174.728419,3294951212.2562356,188315323.62365723
1727,2023-12-21 00:00:00+00:00,4875100673.8076,2441582610.9020514,2433518062.905549,116463390.12451172
1728,2023-12-22 00:00:00+00:00,4274985045.2060857,2155429003.2880287,2119556041.9180567,150290137.37869263
1729,2023-12-23 00:00:00+00:00,2100368876.819582,1082025551.9970207,1018343324.8225613,
1730,2023-12-24 00:00:00+00:00,2900707787.317223,1494647215.7051246,1406060571.6120985,
1731,2023-12-25 00:00:00+00:00,3115393009.707929,1532460137.7791228,1582932871.928806,
1732,2023-12-26 00:00:00+00:00,5001976536.817222,2560917220.614422,2441059316.2027993,181073487.75024414
1733,2023-12-27 00:00:00+00:00,4542165446.64234,2212041453.9716034,2330123992.6707363,244078500.0
1734,2023-12-28 00:00:00+00:00,4767800884.311901,2387870350.21705,2379930534.094851,283896447.2000122
1735,2023-12-29 00:00:00+00:00,5673953444.496314,2856555912.998481,2817397531.4978333,219667355.22270203
1736,2023-12-30 00:00:00+00:00,3283298247.5344996,1666703520.674046,1616594726.8604536,
1737,2023-12-31 00:00:00+00:00,3265727715.758678,1651014493.58416,1614713222.1745176,
1738,2024-01-01 00:00:00+00:00,3430325039.6511707,1629204468.3952856,1801120571.2558851,
1739,2024-01-02 00:00:00+00:00,8583523317.27894,4287016898.9477863,4296506418.331154,338010296.00372314
1740,2024-01-03 00:00:00+00:00,11537103001.719606,5895928073.606273,5641174928.113333,207651100.54359436
1741,2024-01-04 00:00:00+00:00,6507080252.042871,3253330315.340231,3253749936.7026405,242318700.0
1742,2024-01-05 00:00:00+00:00,6927414777.015442,3400613710.9731445,3526801066.0422974,185381472.1069336
1743,2024-01-06 00:00:00+00:00,2611545640.5318074,1288834040.1077085,1322711600.4240987,
1744,2024-01-07 00:00:00+00:00,3290961998.3025002,1637970502.9752452,1652991495.327255,
1745,2024-01-08 00:00:00+00:00,9729685332.563042,4715698444.067617,5013986888.495424,443586000.0
1746,2024-01-09 00:00:00+00:00,10087016598.527695,5058918223.669635,5028098374.858061,372383700.0
1747,2024-01-10 00:00:00+00:00,12354770636.822153,6048954171.130335,6305816465.691818,630883109.2021942
1748,2024-01-11 00:00:00+00:00,10840621607.036112,5299013762.817135,5541607844.218976,4534997229.493809
1749,2024-01-12 00:00:00+00:00,11465494051.014,5923656858.110592,5541837192.903408,3145108675.219345
1750,2024-01-13 00:00:00+00:00,4299904168.016194,2163086391.2716866,2136817776.7445076,
1751,2024-01-14 00:00:00+00:00,3357528775.3259225,1749106942.0193753,1608421833.3065472,
1752,2024-01-15 00:00:00+00:00,4727595754.7188635,2374834369.130095,2352761385.588769,
1753,2024-01-16 00:00:00+00:00,5416222726.47737,2609859204.0067806,2806363522.4705896,1939558282.072544
1754,2024-01-17 00:00:00+00:00,4404612132.482808,2227897902.9684544,2176714229.5143533,2187420331.896019
1755,2024-01-18 00:00:00+00:00,5950381755.682784,3128393765.887097,2821987989.795687,2112808304.808426
1756,2024-01-19 00:00:00+00:00,6109733711.183408,3045893757.8600755,3063839953.323333,2599273680.8444977
1757,2024-01-20 00:00:00+00:00,2075629857.4086177,1065778844.1466687,1009851013.2619491,
1758,2024-01-21 00:00:00+00:00,1467335763.55095,756181882.412465,711153881.1384851,
1759,2024-01-22 00:00:00+00:00,7321245051.12055,3737406796.1792636,3583838254.941286,2092622953.4618378
1760,2024-01-23 00:00:00+00:00,6548827449.6719265,3245780464.408386,3303046985.2635403,1599548340.6305313
1761,2024-01-24 00:00:00+00:00,4902299503.716112,2357029916.8870473,2545269586.829065,1281902963.9287949
1762,2024-01-25 00:00:00+00:00,3766037418.180929,1884839816.7590754,1881197601.4218538,1022112788.3737564
1763,2024-01-26 00:00:00+00:00,5924395148.367357,2834227250.146372,3090167898.2209854,1684293248.638916
1764,2024-01-27 00:00:00+00:00,1873561816.2938728,969981166.1824408,903580650.111432,
1765,2024-01-28 00:00:00+00:00,3184922053.7151146,1588829673.7123384,1596092380.0027764,
1766,2024-01-29 00:00:00+00:00,4271327590.0107336,2088091009.2422638,2183236580.76847,1586580202.4179459
1767,2024-01-30 00:00:00+00:00,5016406330.566978,2403420769.5650787,2612985561.0018997,1269429234.5999718
1768,2024-01-31 00:00:00+00:00,5157640858.952643,2531034925.2192216,2626605933.7334213,1192748097.286129
1769,2024-02-01 00:00:00+00:00,4424013743.075554,2198152904.688316,2225860838.387238,933283273.1063843
1770,2024-02-02 00:00:00+00:00,3694636514.091927,1774294698.212711,1920341815.879216,1001207643.8472748
1771,2024-02-03 00:00:00+00:00,1382961813.1560028,702374061.0725017,680587752.083501,
1772,2024-02-04 00:00:00+00:00,1849866551.0198078,948028431.548295,901838119.4715129,
1773,2024-02-05 00:00:00+00:00,3526637485.0127954,1746072564.0022366,1780564921.0105588,643602538.6512756
1774,2024-02-06 00:00:00+00:00,3178208432.5904284,1574254438.1392717,1603953994.4511569,691342265.8698082
1775,2024-02-07 00:00:00+00:00,4532877129.18918,2186104921.8111944,2346772207.3779864,1087455950.0051498
1776,2024-02-08 00:00:00+00:00,6037408037.2343025,2977630750.265878,3059777286.9684243,1289152924.898529
1777,2024-02-09 00:00:00+00:00,10504761915.641363,5131271206.670337,5373490708.971026,1741513772.938919
1778,2024-02-10 00:00:00+00:00,3331635994.8709483,1640772190.3894787,1690863804.4814694,
1779,2024-02-11 00:00:00+00:00,4065412080.867228,1973112681.853316,2092299399.0139122,
1780,2024-02-12 00:00:00+00:00,8140415737.486472,3972574335.2446694,4167841402.241802,2225687894.1884995
1781,2024-02-13 00:00:00+00:00,7560325405.657782,3755936606.1397862,3804388799.5179954,1595567349.7486115
1782,2024-02-14 00:00:00+00:00,8308420850.271479,4036336384.369258,4272084465.902221,2286683530.9726715
1783,2024-02-15 00:00:00+00:00,8245007206.75626,4110624383.85852,4134382822.8977394,2026915151.6204834
1784,2024-02-16 00:00:00+00:00,5900702949.796418,2966344917.794427,2934358032.001991,1466136963.2034302
1785,2024-02-17 00:00:00+00:00,3951280349.619367,2019062090.6277082,1932218258.9916587,
1786,2024-02-18 00:00:00+00:00,3192446301.413583,1559371046.2163982,1633075255.1971848,
1787,2024-02-19 00:00:00+00:00,4259820471.2560983,2092899657.548886,2166920813.707212,
1788,2024-02-20 00:00:00+00:00,7477823086.579492,3750003913.836479,3727819172.7430124,2586600379.0050507
1789,2024-02-21 00:00:00+00:00,6485375906.078286,3313750894.5156555,3171625011.562631,1484306785.9671593
1790,2024-02-22 00:00:00+00:00,5707648385.714683,2886184531.854058,2821463853.8606253,1226151263.889885
1791,2024-02-23 00:00:00+00:00,4769144882.317938,2393844441.5550456,2375300440.7628922,1089822512.7889633
1792,2024-02-24 00:00:00+00:00,2322509265.812307,1158535530.3864343,1163973735.4258728,
1793,2024-02-25 00:00:00+00:00,2696437992.149382,1300420558.7629192,1396017433.3864627,
1794,2024-02-26 00:00:00+00:00,8037178601.872053,3835627529.6870894,4201551072.184964,3287140895.2280045
1795,2024-02-27 00:00:00+00:00,11093763686.359873,5376646823.370202,5717116862.98967,3157202688.188362
1796,2024-02-28 00:00:00+00:00,19219867588.435417,9263896366.631454,9955971221.803963,7638504635.371399
1797,2024-02-29 00:00:00+00:00,15179424235.738531,7619430471.677329,7559993764.061202,4749221973.431778
1798,2024-03-01 00:00:00+00:00,8749274872.530197,4330660340.8133745,4418614531.716822,3432614844.454384
1799,2024-03-02 00:00:00+00:00,4572468254.437329,2320960619.4566855,2251507634.9806433,
1800,2024-03-03 00:00:00+00:00,5224106319.406856,2589268268.9421716,2634838050.464684,
1801,2024-03-04 00:00:00+00:00,16155695449.692015,7748440137.370505,8407255312.321509,5974985393.629837
1802,2024-03-05 00:00:00+00:00,25783636423.44204,13126596015.857285,12657040407.584755,9929658768.797112
1803,2024-03-06 00:00:00+00:00,15694799687.594292,7699798071.93156,7995001615.662733,4465748652.297211
1804,2024-03-07 00:00:00+00:00,9633525419.770475,4669303200.66041,4964222219.110065,4730497523.941803
1805,2024-03-08 00:00:00+00:00,13994305241.76062,6754893173.622083,7239412068.138537,7582723863.359833
1806,2024-03-09 00:00:00+00:00,3741257120.0976257,1793803003.9070919,1947454116.1905339,
1807,2024-03-10 00:00:00+00:00,7030076854.87041,3467918195.3293734,3562158659.541037,
1808,2024-03-11 00:00:00+00:00,14779454059.778603,6945039763.819727,7834414295.958876,7182424556.129646
1809,2024-03-12 00:00:00+00:00,13856802810.744717,6959725219.796538,6897077590.948178,8692096099.253464
1810,2024-03-13 00:00:00+00:00,10157363954.474276,4915542226.026434,5241821728.447841,5436295189.471817
1811,2024-03-14 00:00:00+00:00,14839287626.482975,7541680490.149273,7297607136.333703,8000043151.192284
1812,2024-03-15 00:00:00+00:00,19352842036.93314,9893918465.969254,9458923570.963886,5749159681.720734
1813,2024-03-16 00:00:00+00:00,10819596347.142286,5622315541.38121,5197280805.761076,
1814,2024-03-17 00:00:00+00:00,9491426922.624811,4697956942.399793,4793469980.225019,
1815,2024-03-18 00:00:00+00:00,10424863073.344837,5244648798.783037,5180214274.561799,4165273082.662201
1816,2024-03-19 00:00:00+00:00,18178780580.381187,9569737534.493876,8609043045.88731,5632310073.2011795
1817,2024-03-20 00:00:00+00:00,15990707727.386326,7919252229.266742,8071455498.119584,5736510541.984177
1818,2024-03-21 00:00:00+00:00,10132318505.882952,5094839641.181922,5037478864.70103,4079782253.2218933
1819,2024-03-22 00:00:00+00:00,9577333847.978828,4899324574.4997425,4678009273.479085,3083032089.426422
1820,2024-03-23 00:00:00+00:00,5028290261.981922,2519019023.4628925,2509271238.5190296,
1821,2024-03-24 00:00:00+00:00,5715980186.644958,2732408442.4790754,2983571744.1658816,
1822,2024-03-25 00:00:00+00:00,11321511728.644327,5432729517.523172,5888782211.121155,6124461408.083916
1823,2024-03-26 00:00:00+00:00,9014092130.031889,4523069865.652853,4491022264.379037,3576220750.901413
1824,2024-03-27 00:00:00+00:00,9792416698.428984,4773613565.195135,5018803133.233849,3827391810.5690002
1825,2024-03-28 00:00:00+00:00,7259569279.438417,3574333099.4410796,3685236179.997338,3679493264.0542984
1826,2024-03-29 00:00:00+00:00,5177949055.76562,2619762015.8768306,2558187039.88879,
1827,2024-03-30 00:00:00+00:00,2743781015.073989,1386981372.5579755,1356799642.5160134,
1828,2024-03-31 00:00:00+00:00,3425022663.5093403,1629645514.3205607,1795377149.1887796,
1829,2024-04-01 00:00:00+00:00,8091767403.488987,4178837732.226217,3912929671.26277,3039173279.9850464
1830,2024-04-02 00:00:00+00:00,12164159083.05681,6220050675.41056,5944108407.646251,2863507560.6197357
1831,2024-04-03 00:00:00+00:00,6838988346.11781,3391753701.8176594,3447234644.3001513,2307663178.118515
1832,2024-04-04 00:00:00+00:00,7931836520.103056,3840389606.6844254,4091446913.41863,3464319053.494644
1833,2024-04-05 00:00:00+00:00,7444181738.755605,3778012885.0542855,3666168853.701319,2373581865.9074783
1834,2015-05-11 00:00:00+00:00,,,,135000.10911226273
1835,2015-05-12 00:00:00+00:00,,,,109889.98450040817
1836,2015-05-13 00:00:00+00:00,,,,14700.01214146614
1837,2015-05-14 00:00:00+00:00,,,,895499.0831196308
1838,2015-05-15 00:00:00+00:00,,,,87399.91370141506
1839,2015-05-18 00:00:00+00:00,,,,135750.16140937805
1840,2015-05-19 00:00:00+00:00,,,,124699.8759508133
1841,2015-05-20 00:00:00+00:00,,,,154350.0705331564
1842,2015-05-21 00:00:00+00:00,,,,92799.9079555273
1843,2015-05-22 00:00:00+00:00,,,,159499.80065226555
1844,2015-05-26 00:00:00+00:00,,,,35199.96508657932
1845,2015-05-27 00:00:00+00:00,,,,12219.990050792694
1846,2015-05-28 00:00:00+00:00,,,,36299.96502101421
1847,2015-05-29 00:00:00+00:00,,,,16499.984100461006
1848,2015-06-01 00:00:00+00:00,,,,30649.983257055283
1849,2015-06-02 00:00:00+00:00,,,,40810.04123091698
1850,2015-06-03 00:00:00+00:00,,,,11599.988460540771
1851,2015-06-04 00:00:00+00:00,,,,55479.981234669685
1852,2015-06-05 00:00:00+00:00,,,,26279.991111159325
1853,2015-06-08 00:00:00+00:00,,,,40950.056409835815
1854,2015-06-09 00:00:00+00:00,,,,20299.97980594635
1855,2015-06-10 00:00:00+00:00,,,,23400.032234191895
1856,2015-06-11 00:00:00+00:00,,,,37895.03828585148
1857,2015-06-12 00:00:00+00:00,,,,34728.003787994385
1858,2015-06-15 00:00:00+00:00,,,,34799.965381622314
1859,2015-06-16 00:00:00+00:00,,,,139199.86152648926
1860,2015-06-17 00:00:00+00:00,,,,611899.3912935257
1861,2015-06-18 00:00:00+00:00,,,,49299.95095729828
1862,2015-06-19 00:00:00+00:00,,,,51515.92077612877
1863,2015-06-22 00:00:00+00:00,,,,65664.94306623936
1864,2015-06-23 00:00:00+00:00,,,,67199.93090629578
1865,2015-06-24 00:00:00+00:00,,,,57000.03457069397
1866,2015-06-25 00:00:00+00:00,,,,5700.003457069397
1867,2015-06-26 00:00:00+00:00,,,,86999.91345405579
1868,2015-06-29 00:00:00+00:00,,,,660342.3019200563
1869,2015-06-30 00:00:00+00:00,,,,72287.99829483032
1870,2015-07-01 00:00:00+00:00,,,,106224.84654188156
1871,2015-07-02 00:00:00+00:00,,,,69804.8991560936
1872,2015-07-06 00:00:00+00:00,,,,146400.06937980652
1873,2015-07-07 00:00:00+00:00,,,,189100.08961558342
1874,2015-07-08 00:00:00+00:00,,,,226440.1871919632
1875,2015-07-09 00:00:00+00:00,,,,185744.7821378708
1876,2015-07-10 00:00:00+00:00,,,,826200.6829977036
1877,2015-07-13 00:00:00+00:00,,,,172881.16128444672
1878,2015-07-14 00:00:00+00:00,,,,289750.1373142004
1879,2015-07-15 00:00:00+00:00,,,,439200.20813941956
1880,2015-07-16 00:00:00+00:00,,,,161650.0766068697
1881,2015-07-17 00:00:00+00:00,,,,94394.88928318024
1882,2015-07-20 00:00:00+00:00,,,,99362.96454370022
1883,2015-07-21 00:00:00+00:00,,,,164160.03414988518
1884,2015-07-22 00:00:00+00:00,,,,106750.05058944225
1885,2015-07-23 00:00:00+00:00,,,,30500.014454126358
1886,2015-07-24 00:00:00+00:00,,,,42769.96517777443
1887,2015-07-27 00:00:00+00:00,,,,155550.07371604443
1888,2015-07-28 00:00:00+00:00,,,,119144.90299522877
1889,2015-07-29 00:00:00+00:00,,,,207059.75713729858
1890,2015-07-30 00:00:00+00:00,,,,9150.004336237907
1891,2015-07-31 00:00:00+00:00,,,,6030.005878210068
1892,2015-08-03 00:00:00+00:00,,,,36119.975066185
1893,2015-08-04 00:00:00+00:00,,,,17999.98265504837
1894,2015-08-05 00:00:00+00:00,,,,20587.01149225235
1895,2015-08-06 00:00:00+00:00,,,,39389.99765217304
1896,2015-08-07 00:00:00+00:00,,,,38882.96136856079
1897,2015-08-10 00:00:00+00:00,,,,2990.99702835083
1898,2015-08-11 00:00:00+00:00,,,,24359.97142791748
1899,2015-08-12 00:00:00+00:00,,,,29510.02725958824
1900,2015-08-13 00:00:00+00:00,,,,33440.00695645809
1901,2015-08-14 00:00:00+00:00,,,,29999.971091747284
1902,2015-08-17 00:00:00+00:00,,,,26550.015503168106
1903,2015-08-18 00:00:00+00:00,,,,47040.01021385193
1904,2015-08-19 00:00:00+00:00,,,,173460.037663579
1905,2015-08-20 00:00:00+00:00,,,,69599.93076324463
1906,2015-08-21 00:00:00+00:00,,,,80999.92194771767
1907,2015-08-24 00:00:00+00:00,,,,83999.9190568924
1908,2015-08-25 00:00:00+00:00,,,,47999.953746795654
1909,2015-08-26 00:00:00+00:00,,,,25432.005643844604
1910,2015-08-27 00:00:00+00:00,,,,37983.983850479126
1911,2015-08-28 00:00:00+00:00,,,,47480.93172907829
1912,2015-08-31 00:00:00+00:00,,,,41599.95846748352
1913,2015-09-01 00:00:00+00:00,,,,49399.95068013668
1914,2015-09-02 00:00:00+00:00,,,,16500.010406970978
1915,2015-09-03 00:00:00+00:00,,,,48874.99017119408
1916,2015-09-04 00:00:00+00:00,,,,14475.006595253944
1917,2015-09-08 00:00:00+00:00,,,,328899.5627462864
1918,2015-09-09 00:00:00+00:00,,,,23600.013780593872
1919,2015-09-10 00:00:00+00:00,,,,17939.97614979744
1920,2015-09-11 00:00:00+00:00,,,,101999.90171194077
1921,2015-09-14 00:00:00+00:00,,,,5900.003445148468
1922,2015-09-15 00:00:00+00:00,,,,8996.988317370415
1923,2015-09-16 00:00:00+00:00,,,,14499.985575675964
1924,2015-09-17 00:00:00+00:00,,,,37050.02247095108
1925,2015-09-18 00:00:00+00:00,,,,44250.02583861351
1926,2015-09-21 00:00:00+00:00,,,,26099.974036216736
1927,2015-09-22 00:00:00+00:00,,,,5900.003445148468
1928,2015-09-23 00:00:00+00:00,,,,46399.953842163086
1929,2015-09-24 00:00:00+00:00,,,,34200.02074241638
1930,2015-09-25 00:00:00+00:00,,,,2799.9971210956573
1931,2015-09-28 00:00:00+00:00,,,,84099.9163389206
1932,2015-09-29 00:00:00+00:00,,,,84825.11684894562
1933,2015-09-30 00:00:00+00:00,,,,50417.966240644455
1934,2015-10-01 00:00:00+00:00,,,,33251.944971084595
1935,2015-10-02 00:00:00+00:00,,,,24660.008293390274
1936,2015-10-05 00:00:00+00:00,,,,17100.01037120819
1937,2015-10-06 00:00:00+00:00,,,,209999.7840821743
1938,2015-10-07 00:00:00+00:00,,,,16805.988746881485
1939,2015-10-08 00:00:00+00:00,,,,53999.94796514511
1940,2015-10-09 00:00:00+00:00,,,,8099.992194771767
1941,2015-10-12 00:00:00+00:00,,,,0.0
1942,2015-10-13 00:00:00+00:00,,,,40499.96097385883
1943,2015-10-14 00:00:00+00:00,,,,37100.02816319466
1944,2015-10-15 00:00:00+00:00,,,,29479.950511455536
1945,2015-10-16 00:00:00+00:00,,,,315990.5761808157
1946,2015-10-19 00:00:00+00:00,,,,112544.8654204607
1947,2015-10-20 00:00:00+00:00,,,,81199.91651177406
1948,2015-10-21 00:00:00+00:00,,,,264325.39199590683
1949,2015-10-22 00:00:00+00:00,,,,76300.11315345764
1950,2015-10-23 00:00:00+00:00,,,,11199.98848438263
1951,2015-10-26 00:00:00+00:00,,,,359664.2334371805
1952,2015-10-27 00:00:00+00:00,,,,267425.3061115742
1953,2015-10-28 00:00:00+00:00,,,,308695.02512812614
1954,2015-10-29 00:00:00+00:00,,,,790399.2160350084
1955,2015-10-30 00:00:00+00:00,,,,1244128.4328818321
1956,2015-11-02 00:00:00+00:00,,,,935999.0329742432
1957,2015-11-03 00:00:00+00:00,,,,3011396.9037383795
1958,2015-11-04 00:00:00+00:00,,,,2635201.6957759857
1959,2015-11-05 00:00:00+00:00,,,,1907401.5091776848
1960,2015-11-06 00:00:00+00:00,,,,814349.589407444
1961,2015-11-09 00:00:00+00:00,,,,688799.2917895317
1962,2015-11-10 00:00:00+00:00,,,,377999.61134791374
1963,2015-11-11 00:00:00+00:00,,,,500479.6230316162
1964,2015-11-12 00:00:00+00:00,,,,395999.5945453644
1965,2015-11-13 00:00:00+00:00,,,,243270.20110487938
1966,2015-11-16 00:00:00+00:00,,,,219274.88726377487
1967,2015-11-17 00:00:00+00:00,,,,256199.73658025265
1968,2015-11-18 00:00:00+00:00,,,,39374.98178780079
1969,2015-11-19 00:00:00+00:00,,,,256499.73737597466
1970,2015-11-20 00:00:00+00:00,,,,204000.0138759613
1971,2015-11-23 00:00:00+00:00,,,,57399.94342327118
1972,2015-11-24 00:00:00+00:00,,,,181184.84261631966
1973,2015-11-25 00:00:00+00:00,,,,54574.03764426708
1974,2015-11-27 00:00:00+00:00,,,,587500.5751848221
1975,2015-11-30 00:00:00+00:00,,,,481499.5070040226
1976,2015-12-01 00:00:00+00:00,,,,278775.1353919506
1977,2015-12-02 00:00:00+00:00,,,,204599.99973773956
1978,2015-12-03 00:00:00+00:00,,,,103729.91896569729
1979,2015-12-04 00:00:00+00:00,,,,46000.04607439041
1980,2015-12-07 00:00:00+00:00,,,,1050720.3691244125
1981,2015-12-08 00:00:00+00:00,,,,569589.7146463394
1982,2015-12-09 00:00:00+00:00,,,,2005575.421911478
1983,2015-12-10 00:00:00+00:00,,,,261000.15529990196
1984,2015-12-11 00:00:00+00:00,,,,3994201.8252253532
1985,2015-12-14 00:00:00+00:00,,,,737999.7932910919
1986,2015-12-15 00:00:00+00:00,,,,1124500.4959881306
1987,2015-12-16 00:00:00+00:00,,,,669496.0520863533
1988,2015-12-17 00:00:00+00:00,,,,465000.21636486053
1989,2015-12-18 00:00:00+00:00,,,,700600.3259897232
1990,2015-12-21 00:00:00+00:00,,,,437634.8650276661
1991,2015-12-22 00:00:00+00:00,,,,267299.8864352703
1992,2015-12-23 00:00:00+00:00,,,,648000.3128528595
1993,2015-12-24 00:00:00+00:00,,,,345840.0032520294
1994,2015-12-28 00:00:00+00:00,,,,590000.3445148468
1995,2015-12-29 00:00:00+00:00,,,,345799.77436065674
1996,2015-12-30 00:00:00+00:00,,,,472500.2159178257
1997,2015-12-31 00:00:00+00:00,,,,793800.3627419472
1998,2016-01-04 00:00:00+00:00,,,,934400.4194498062
1999,2016-01-05 00:00:00+00:00,,,,362599.7733592987
2000,2016-01-06 00:00:00+00:00,,,,682500.3010332584
2001,2016-01-07 00:00:00+00:00,,,,1366224.1460502148
2002,2016-01-08 00:00:00+00:00,,,,376942.092359066
2003,2016-01-11 00:00:00+00:00,,,,468050.04234313965
2004,2016-01-12 00:00:00+00:00,,,,613778.7771821022
2005,2016-01-13 00:00:00+00:00,,,,574740.1892125607
2006,2016-01-14 00:00:00+00:00,,,,500565.1153922081
2007,2016-01-15 00:00:00+00:00,,,,1957649.9974906445
2008,2016-01-19 00:00:00+00:00,,,,696536.1475646496
2009,2016-01-20 00:00:00+00:00,,,,991819.228708744
2010,2016-01-21 00:00:00+00:00,,,,473799.946808815
2011,2016-01-22 00:00:00+00:00,,,,514099.94060993195
2012,2016-01-25 00:00:00+00:00,,,,29099.996638298035
2013,2016-01-26 00:00:00+00:00,,,,190649.99975562096
2014,2016-01-27 00:00:00+00:00,,,,140275.07150769234
2015,2016-01-28 00:00:00+00:00,,,,294130.2550256252
2016,2016-01-29 00:00:00+00:00,,,,124699.87459480762
2017,2016-02-01 00:00:00+00:00,,,,77382.0700764656
2018,2016-02-02 00:00:00+00:00,,,,92752.06129550934
2019,2016-02-03 00:00:00+00:00,,,,315699.6888279915
2020,2016-02-04 00:00:00+00:00,,,,268094.9757486582
2021,2016-02-05 00:00:00+00:00,,,,139458.1187725067
2022,2016-02-08 00:00:00+00:00,,,,123899.96007084846
2023,2016-02-09 00:00:00+00:00,,,,12570.012268424034
2024,2016-02-10 00:00:00+00:00,,,,188984.98290479183
2025,2016-02-11 00:00:00+00:00,,,,197340.17536640167
2026,2016-02-12 00:00:00+00:00,,,,64499.93513524532
2027,2016-02-16 00:00:00+00:00,,,,655260.4333758354
2028,2016-02-17 00:00:00+00:00,,,,587600.4553079605
2029,2016-02-18 00:00:00+00:00,,,,329400.2119719982
2030,2016-02-19 00:00:00+00:00,,,,257887.14542388916
2031,2016-02-22 00:00:00+00:00,,,,407369.9656844139
2032,2016-02-23 00:00:00+00:00,,,,246655.87822794914
2033,2016-02-24 00:00:00+00:00,,,,184279.8783659935
2034,2016-02-25 00:00:00+00:00,,,,71500.04509687424
2035,2016-02-26 00:00:00+00:00,,,,112000.06926059723
2036,2016-02-29 00:00:00+00:00,,,,151200.09350180626
2037,2016-03-01 00:00:00+00:00,,,,397600.1281738281
2038,2016-03-02 00:00:00+00:00,,,,172499.96531009674
2039,2016-03-03 00:00:00+00:00,,,,596070.1149880886
2040,2016-03-04 00:00:00+00:00,,,,358800.2780199051
2041,2016-03-07 00:00:00+00:00,,,,315945.2451825142
2042,2016-03-08 00:00:00+00:00,,,,140400.09034872055
2043,2016-03-09 00:00:00+00:00,,,,70200.04517436028
2044,2016-03-10 00:00:00+00:00,,,,83924.98075962067
2045,2016-03-11 00:00:00+00:00,,,,379500.2393603325
2046,2016-03-14 00:00:00+00:00,,,,140534.98796224594
2047,2016-03-15 00:00:00+00:00,,,,122475.0394821167
2048,2016-03-16 00:00:00+00:00,,,,43200.02779960632
2049,2016-03-17 00:00:00+00:00,,,,86479.99267578125
2050,2016-03-18 00:00:00+00:00,,,,100700.07644295692
2051,2016-03-21 00:00:00+00:00,,,,132999.91071224213
2052,2016-03-22 00:00:00+00:00,,,,156600.10077357292
2053,2016-03-23 00:00:00+00:00,,,,108000.06949901581
2054,2016-03-24 00:00:00+00:00,,,,95400.0724196434
2055,2016-03-28 00:00:00+00:00,,,,125119.95511651039
2056,2016-03-29 00:00:00+00:00,,,,103740.00412225723
2057,2016-03-30 00:00:00+00:00,,,,141699.9704003334
2058,2016-03-31 00:00:00+00:00,,,,130559.95316505432
2059,2016-04-01 00:00:00+00:00,,,,180674.88631010056
2060,2016-04-04 00:00:00+00:00,,,,119679.04583215714
2061,2016-04-05 00:00:00+00:00,,,,202474.90724921227
2062,2016-04-06 00:00:00+00:00,,,,120518.93187761307
2063,2016-04-07 00:00:00+00:00,,,,270823.1552839279
2064,2016-04-08 00:00:00+00:00,,,,209879.8800945282
2065,2016-04-11 00:00:00+00:00,,,,224000.13852119446
2066,2016-04-12 00:00:00+00:00,,,,330542.12658405304
2067,2016-04-13 00:00:00+00:00,,,,221319.9987411499
2068,2016-04-14 00:00:00+00:00,,,,95284.99201536179
2069,2016-04-15 00:00:00+00:00,,,,544979.9675166607
2070,2016-04-18 00:00:00+00:00,,,,267299.8864352703
2071,2016-04-19 00:00:00+00:00,,,,226099.95560646057
2072,2016-04-20 00:00:00+00:00,,,,618749.8288750648
2073,2016-04-21 00:00:00+00:00,,,,696526.0648488998
2074,2016-04-22 00:00:00+00:00,,,,716090.0942742825
2075,2016-04-25 00:00:00+00:00,,,,732699.2436110973
2076,2016-04-26 00:00:00+00:00,,,,1192319.665324688
2077,2016-04-27 00:00:00+00:00,,,,1281600.3098011017
2078,2016-04-28 00:00:00+00:00,,,,689039.8515343666
2079,2016-04-29 00:00:00+00:00,,,,372839.9636745453
2080,2016-05-02 00:00:00+00:00,,,,1203635.2820396423
2081,2016-05-03 00:00:00+00:00,,,,717600.3868103027
2082,2016-05-04 00:00:00+00:00,,,,225000.05167722702
2083,2016-05-05 00:00:00+00:00,,,,295000.16140937805
2084,2016-05-06 00:00:00+00:00,,,,396970.0482070446
2085,2016-05-09 00:00:00+00:00,,,,924515.7000541687
2086,2016-05-10 00:00:00+00:00,,,,293999.8848438263
2087,2016-05-11 00:00:00+00:00,,,,110234.94583368301
2088,2016-05-12 00:00:00+00:00,,,,319043.9296722412
2089,2016-05-13 00:00:00+00:00,,,,576399.8246192932
2090,2016-05-16 00:00:00+00:00,,,,786500.346904993
2091,2016-05-17 00:00:00+00:00,,,,476100.1587510109
2092,2016-05-18 00:00:00+00:00,,,,703049.8102903366
2093,2016-05-19 00:00:00+00:00,,,,576600.2682924271
2094,2016-05-20 00:00:00+00:00,,,,253110.05895137787
2095,2016-05-23 00:00:00+00:00,,,,217800.0765144825
2096,2016-05-24 00:00:00+00:00,,,,252000.08261203766
2097,2016-05-25 00:00:00+00:00,,,,241500.0805258751
2098,2016-05-26 00:00:00+00:00,,,,168059.89723205566
2099,2016-05-27 00:00:00+00:00,,,,892800.2158164978
2100,2016-05-31 00:00:00+00:00,,,,1374560.3476524353
2101,2016-06-01 00:00:00+00:00,,,,1285350.057631731
2102,2016-06-02 00:00:00+00:00,,,,405600.0604391098
2103,2016-06-03 00:00:00+00:00,,,,1892829.9742341042
2104,2016-06-06 00:00:00+00:00,,,,1243550.5390644073
2105,2016-06-07 00:00:00+00:00,,,,1362999.9187588692
2106,2016-06-08 00:00:00+00:00,,,,1079999.9356269836
2107,2016-06-09 00:00:00+00:00,,,,793799.952685833
2108,2016-06-10 00:00:00+00:00,,,,1096456.0754537582
2109,2016-06-13 00:00:00+00:00,,,,4484999.098062515
2110,2016-06-14 00:00:00+00:00,,,,1778289.658331871
2111,2016-06-15 00:00:00+00:00,,,,1345499.7294187546
2112,2016-06-16 00:00:00+00:00,,,,5611498.485803604
2113,2016-06-17 00:00:00+00:00,,,,5494498.127198219
2114,2016-06-20 00:00:00+00:00,,,,5543998.667192459
2115,2016-06-21 00:00:00+00:00,,,,4389001.446962357
2116,2016-06-22 00:00:00+00:00,,,,1413999.8397827148
2117,2016-06-23 00:00:00+00:00,,,,4685199.241256714
2118,2016-06-24 00:00:00+00:00,,,,3025799.152493477
2119,2016-06-27 00:00:00+00:00,,,,1125299.6807098389
2120,2016-06-28 00:00:00+00:00,,,,939705.0832509995
2121,2016-06-29 00:00:00+00:00,,,,1497599.7024536133
2122,2016-06-30 00:00:00+00:00,,,,1637834.6237182617
2123,2016-07-01 00:00:00+00:00,,,,692306.2435507774
2124,2016-07-05 00:00:00+00:00,,,,889199.8623847961
2125,2016-07-06 00:00:00+00:00,,,,900899.8210072517
2126,2016-07-07 00:00:00+00:00,,,,942050.1464366913
2127,2016-07-08 00:00:00+00:00,,,,1518920.3227758408
2128,2016-07-11 00:00:00+00:00,,,,1385750.1357197762
2129,2016-07-12 00:00:00+00:00,,,,916299.8200893402
2130,2016-07-13 00:00:00+00:00,,,,707999.8297929764
2131,2016-07-14 00:00:00+00:00,,,,561650.0812411308
2132,2016-07-15 00:00:00+00:00,,,,503999.8788356781
2133,2016-07-18 00:00:00+00:00,,,,822500.1218318939
2134,2016-07-19 00:00:00+00:00,,,,1914750.538110733
2135,2016-07-20 00:00:00+00:00,,,,860999.9042034149
2136,2016-07-21 00:00:00+00:00,,,,275599.955368042
2137,2016-07-22 00:00:00+00:00,,,,314999.9649524689
2138,2016-07-25 00:00:00+00:00,,,,686399.8874902725
2139,2016-07-26 00:00:00+00:00,,,,271700.08957386017
2140,2016-07-27 00:00:00+00:00,,,,399999.9761581421
2141,2016-07-28 00:00:00+00:00,,,,2479830.2429914474
2142,2016-07-29 00:00:00+00:00,,,,807499.9979734421
2143,2016-08-01 00:00:00+00:00,,,,1183200.077009201
2144,2016-08-02 00:00:00+00:00,,,,1246400.1730442047
2145,2016-08-03 00:00:00+00:00,,,,1332000.0008821487
2146,2016-08-04 00:00:00+00:00,,,,1072500.4432201385
2147,2016-08-05 00:00:00+00:00,,,,540000.0003576279
2148,2016-08-08 00:00:00+00:00,,,,165599.99012947083
2149,2016-08-09 00:00:00+00:00,,,,110399.99341964722
2150,2016-08-10 00:00:00+00:00,,,,316799.98111724854
2151,2016-08-11 00:00:00+00:00,,,,170100.08261203766
2152,2016-08-12 00:00:00+00:00,,,,263250.10879039764
2153,2016-08-15 00:00:00+00:00,,,,418219.80204582214
2154,2016-08-16 00:00:00+00:00,,,,539945.8989858627
2155,2016-08-17 00:00:00+00:00,,,,465299.9467730522
2156,2016-08-18 00:00:00+00:00,,,,124799.99256134033
2157,2016-08-19 00:00:00+00:00,,,,186199.98890161514
2158,2016-08-22 00:00:00+00:00,,,,588999.9985218048
2159,2016-08-23 00:00:00+00:00,,,,747600.001001358
2160,2016-08-24 00:00:00+00:00,,,,1451400.2015054226
2161,2016-08-25 00:00:00+00:00,,,,1271900.1861691475
2162,2016-08-26 00:00:00+00:00,,,,522710.86462140083
2163,2016-08-29 00:00:00+00:00,,,,125249.93965029716
2164,2016-08-30 00:00:00+00:00,,,,144500.00982880592
2165,2016-08-31 00:00:00+00:00,,,,369000.0512301922
2166,2016-09-01 00:00:00+00:00,,,,158000.02312660217
2167,2016-09-02 00:00:00+00:00,,,,176220.04319429398
2168,2016-09-06 00:00:00+00:00,,,,751799.6134757996
2169,2016-09-07 00:00:00+00:00,,,,551650.2391338348
2170,2016-09-08 00:00:00+00:00,,,,712620.1381444931
2171,2016-09-09 00:00:00+00:00,,,,184020.01452445984
2172,2016-09-12 00:00:00+00:00,,,,870000.0566244125
2173,2016-09-13 00:00:00+00:00,,,,282100.0
2174,2016-09-14 00:00:00+00:00,,,,54749.98941421509
2175,2016-09-15 00:00:00+00:00,,,,104999.95143413544
2176,2016-09-16 00:00:00+00:00,,,,278464.0823364258
2177,2016-09-19 00:00:00+00:00,,,,90429.97860908508
2178,2016-09-20 00:00:00+00:00,,,,35900.00925064087
2179,2016-09-21 00:00:00+00:00,,,,278999.99964237213
2180,2016-09-22 00:00:00+00:00,,,,55500.02760887146
2181,2016-09-23 00:00:00+00:00,,,,270000.00017881393
2182,2016-09-26 00:00:00+00:00,,,,92500.04601478577
2183,2016-09-27 00:00:00+00:00,,,,72000.00004768372
2184,2016-09-28 00:00:00+00:00,,,,99285.98871231079
2185,2016-09-29 00:00:00+00:00,,,,190049.90324378014
2186,2016-09-30 00:00:00+00:00,,,,54000.00003576279
2187,2016-10-03 00:00:00+00:00,,,,90249.97699260712
2188,2016-10-04 00:00:00+00:00,,,,184800.01176595688
2189,2016-10-05 00:00:00+00:00,,,,114139.97909426689
2190,2016-10-06 00:00:00+00:00,,,,266600.0177383423
2191,2016-10-07 00:00:00+00:00,,,,171284.94083881378
2192,2016-10-10 00:00:00+00:00,,,,100100.0
2193,2016-10-11 00:00:00+00:00,,,,702999.9982357025
2194,2016-10-12 00:00:00+00:00,,,,417013.8888478279
2195,2016-10-13 00:00:00+00:00,,,,358799.97861385345
2196,2016-10-14 00:00:00+00:00,,,,257599.9846458435
2197,2016-10-17 00:00:00+00:00,,,,329300.0004410744
2198,2016-10-18 00:00:00+00:00,,,,45000.00002980232
2199,2016-10-19 00:00:00+00:00,,,,256649.8824596405
2200,2016-10-20 00:00:00+00:00,,,,61949.97162818909
2201,2016-10-21 00:00:00+00:00,,,,53400.000071525574
2202,2016-10-24 00:00:00+00:00,,,,298682.89001584053
2203,2016-10-25 00:00:00+00:00,,,,393599.9765396118
2204,2016-10-26 00:00:00+00:00,,,,1267459.717798233
2205,2016-10-27 00:00:00+00:00,,,,346499.9603629112
2206,2016-10-28 00:00:00+00:00,,,,752400.2480506897
2207,2016-10-31 00:00:00+00:00,,,,420809.9008798599
2208,2016-11-01 00:00:00+00:00,,,,1253499.7381567955
2209,2016-11-02 00:00:00+00:00,,,,498199.91931915283
2210,2016-11-03 00:00:00+00:00,,,,1131199.8718261719
2211,2016-11-04 00:00:00+00:00,,,,552899.9361276627
2212,2016-11-07 00:00:00+00:00,,,,260550.09430646896
2213,2016-11-08 00:00:00+00:00,,,,212099.97596740723
2214,2016-11-09 00:00:00+00:00,,,,601750.0663757324
2215,2016-11-10 00:00:00+00:00,,,,910799.8958110809
2216,2016-11-11 00:00:00+00:00,,,,181799.97940063477
2217,2016-11-14 00:00:00+00:00,,,,579999.965429306
2218,2016-11-15 00:00:00+00:00,,,,493499.94509220123
2219,2016-11-16 00:00:00+00:00,,,,979800.3158569336
2220,2016-11-17 00:00:00+00:00,,,,599480.1692962646
2221,2016-11-18 00:00:00+00:00,,,,271250.0584125519
2222,2016-11-21 00:00:00+00:00,,,,427999.95279312134
2223,2016-11-22 00:00:00+00:00,,,,464399.92567300797
2224,2016-11-23 00:00:00+00:00,,,,391399.9560594559
2225,2016-11-25 00:00:00+00:00,,,,181799.97940063477
2226,2016-11-28 00:00:00+00:00,,,,313068.925011158
2227,2016-11-29 00:00:00+00:00,,,,1377399.8408794403
2228,2016-11-30 00:00:00+00:00,,,,1979850.6996631622
2229,2016-12-01 00:00:00+00:00,,,,230586.4478945732
2230,2016-12-02 00:00:00+00:00,,,,588810.0731134415
2231,2016-12-05 00:00:00+00:00,,,,336599.9614953995
2232,2016-12-06 00:00:00+00:00,,,,545049.9824285507
2233,2016-12-07 00:00:00+00:00,,,,386650.0439405441
2234,2016-12-08 00:00:00+00:00,,,,1778399.7084975243
2235,2016-12-09 00:00:00+00:00,,,,350199.9606847763
2236,2016-12-12 00:00:00+00:00,,,,419999.9532699585
2237,2016-12-13 00:00:00+00:00,,,,585389.7950649261
2238,2016-12-14 00:00:00+00:00,,,,358785.16560792923
2239,2016-12-15 00:00:00+00:00,,,,880353.0253887177
2240,2016-12-16 00:00:00+00:00,,,,386080.1831007004
2241,2016-12-19 00:00:00+00:00,,,,696899.9210357666
2242,2016-12-20 00:00:00+00:00,,,,353499.9599456787
2243,2016-12-21 00:00:00+00:00,,,,2573000.2838134766
2244,2016-12-22 00:00:00+00:00,,,,1407268.0396795273
2245,2016-12-23 00:00:00+00:00,,,,2701080.963945389
2246,2016-12-27 00:00:00+00:00,,,,4130999.8025894165
2247,2016-12-28 00:00:00+00:00,,,,3491999.160504341
2248,2016-12-29 00:00:00+00:00,,,,2223450.31414032
2249,2016-12-30 00:00:00+00:00,,,,1873409.7003936768
2250,2017-01-03 00:00:00+00:00,,,,5902398.23577404
2251,2017-01-04 00:00:00+00:00,,,,11694602.778661251
2252,2017-01-05 00:00:00+00:00,,,,7004698.109865189
2253,2017-01-06 00:00:00+00:00,,,,6899924.668872356
2254,2017-01-09 00:00:00+00:00,,,,1683884.680366516
2255,2017-01-10 00:00:00+00:00,,,,2150499.5675325394
2256,2017-01-11 00:00:00+00:00,,,,6442151.355230808
2257,2017-01-12 00:00:00+00:00,,,,4255199.318957329
2258,2017-01-13 00:00:00+00:00,,,,2059910.533797741
2259,2017-01-17 00:00:00+00:00,,,,4937399.019026756
2260,2017-01-18 00:00:00+00:00,,,,3004399.258995056
2261,2017-01-19 00:00:00+00:00,,,,2948399.414205551
2262,2017-01-20 00:00:00+00:00,,,,2563599.367713928
2263,2017-01-23 00:00:00+00:00,,,,1439099.714076519
2264,2017-01-24 00:00:00+00:00,,,,2103344.670009613
2265,2017-01-25 00:00:00+00:00,,,,3323113.130378723
2266,2017-01-26 00:00:00+00:00,,,,2629100.2734184265
2267,2017-01-27 00:00:00+00:00,,,,2243999.644947052
2268,2017-01-30 00:00:00+00:00,,,,1777709.9745869637
2269,2017-01-31 00:00:00+00:00,,,,3319947.685933113
2270,2017-02-01 00:00:00+00:00,,,,3972561.0107421875
2271,2017-02-02 00:00:00+00:00,,,,4073401.0687351227
2272,2017-02-03 00:00:00+00:00,,,,2474999.608397484
2273,2017-02-06 00:00:00+00:00,,,,1088999.8276948929
2274,2017-02-07 00:00:00+00:00,,,,3168287.865829468
2275,2017-02-08 00:00:00+00:00,,,,2234499.5332360268
2276,2017-02-09 00:00:00+00:00,,,,3431999.4374513626
2277,2017-02-10 00:00:00+00:00,,,,2985650.8197903633
2278,2017-02-13 00:00:00+00:00,,,,1023834.9521279335
2279,2017-02-14 00:00:00+00:00,,,,2203199.6473789215
2280,2017-02-15 00:00:00+00:00,,,,863999.8617172241
2281,2017-02-16 00:00:00+00:00,,,,1382399.7787475586
2282,2017-02-17 00:00:00+00:00,,,,1468799.764919281
2283,2017-02-21 00:00:00+00:00,,,,4661999.038696289
2284,2017-02-22 00:00:00+00:00,,,,3234750.5028247833
2285,2017-02-23 00:00:00+00:00,,,,5768098.853981495
2286,2017-02-24 00:00:00+00:00,,,,4889668.480825424
2287,2017-02-27 00:00:00+00:00,,,,3041999.395608902
2288,2017-02-28 00:00:00+00:00,,,,2334499.530529976
2289,2017-03-01 00:00:00+00:00,,,,3909470.6274986267
2290,2017-03-02 00:00:00+00:00,,,,6759059.889483452
2291,2017-03-03 00:00:00+00:00,,,,5946898.3952999115
2292,2017-03-06 00:00:00+00:00,,,,7436502.168416977
2293,2017-03-07 00:00:00+00:00,,,,7378797.740972042
2294,2017-03-08 00:00:00+00:00,,,,5357026.1553525925
2295,2017-03-09 00:00:00+00:00,,,,4067250.190138817
2296,2017-03-10 00:00:00+00:00,,,,6115497.915530205
2297,2017-03-13 00:00:00+00:00,,,,5925123.986053467
2298,2017-03-14 00:00:00+00:00,,,,2397299.3608117104
2299,2017-03-15 00:00:00+00:00,,,,2337285.220706463
2300,2017-03-16 00:00:00+00:00,,,,4532500.432252884
2301,2017-03-17 00:00:00+00:00,,,,7398598.198664188
2302,2017-03-20 00:00:00+00:00,,,,8246798.664474487
2303,2017-03-21 00:00:00+00:00,,,,4870798.635721207
2304,2017-03-22 00:00:00+00:00,,,,3997440.6208992004
2305,2017-03-23 00:00:00+00:00,,,,839999.8685717583
2306,2017-03-24 00:00:00+00:00,,,,2463399.4854211807
2307,2017-03-27 00:00:00+00:00,,,,1538325.2195119858
2308,2017-03-28 00:00:00+00:00,,,,1817450.4663467407
2309,2017-03-29 00:00:00+00:00,,,,885300.1376152039
2310,2017-03-30 00:00:00+00:00,,,,582399.9088764191
2311,2017-03-31 00:00:00+00:00,,,,2194478.8538217545
2312,2017-04-03 00:00:00+00:00,,,,2000625.574350357
2313,2017-04-04 00:00:00+00:00,,,,1297079.7762393951
2314,2017-04-05 00:00:00+00:00,,,,699150.1343369484
2315,2017-04-06 00:00:00+00:00,,,,1884960.0547075272
2316,2017-04-07 00:00:00+00:00,,,,1279199.6417045593
2317,2017-04-10 00:00:00+00:00,,,,1712499.5263814926
2318,2017-04-11 00:00:00+00:00,,,,1398821.8383550644
2319,2017-04-12 00:00:00+00:00,,,,541842.8825736046
2320,2017-04-13 00:00:00+00:00,,,,1800149.7584581375
2321,2017-04-17 00:00:00+00:00,,,,983999.7243881226
2322,2017-04-18 00:00:00+00:00,,,,1475721.0738658905
2323,2017-04-19 00:00:00+00:00,,,,502000.02431869507
2324,2017-04-20 00:00:00+00:00,,,,1232640.030670166
2325,2017-04-21 00:00:00+00:00,,,,1378850.1247406006
2326,2017-04-24 00:00:00+00:00,,,,853914.7583127022
2327,2017-04-25 00:00:00+00:00,,,,2610580.394935608
2328,2017-04-26 00:00:00+00:00,,,,4944598.504400253
2329,2017-04-27 00:00:00+00:00,,,,6333201.557803154
2330,2017-04-28 00:00:00+00:00,,,,3194640.501689911
2331,2017-05-01 00:00:00+00:00,,,,8249764.682793617
2332,2017-05-02 00:00:00+00:00,,,,6858239.096546173
2333,2017-05-03 00:00:00+00:00,,,,5677648.829269409
2334,2017-05-04 00:00:00+00:00,,,,9554000.649857521
2335,2017-05-05 00:00:00+00:00,,,,6587999.8025894165
2336,2017-05-08 00:00:00+00:00,,,,8799999.475479126
2337,2017-05-09 00:00:00+00:00,,,,15238202.993774414
2338,2017-05-10 00:00:00+00:00,,,,28225995.53399086
2339,2017-05-11 00:00:00+00:00,,,,12968398.569631577
2340,2017-05-12 00:00:00+00:00,,,,11449199.317574501
2341,2017-05-15 00:00:00+00:00,,,,6419999.617338181
2342,2017-05-16 00:00:00+00:00,,,,8486999.269580841
2343,2017-05-17 00:00:00+00:00,,,,8671500.928640366
2344,2017-05-18 00:00:00+00:00,,,,10448998.58636856
2345,2017-05-19 00:00:00+00:00,,,,10752898.560118675
2346,2017-05-22 00:00:00+00:00,,,,29715302.91030407
2347,2017-05-23 00:00:00+00:00,,,,41718595.97404003
2348,2017-05-24 00:00:00+00:00,,,,140062515.44952393
2349,2017-05-25 00:00:00+00:00,,,,213695984.83276367
2350,2017-05-26 00:00:00+00:00,,,,89504993.46637726
2351,2017-05-30 00:00:00+00:00,,,,59011403.22904587
2352,2017-05-31 00:00:00+00:00,,,,59634962.96081543
2353,2017-06-01 00:00:00+00:00,,,,69700348.24647903
2354,2017-06-02 00:00:00+00:00,,,,43349995.535087585
2355,2017-06-05 00:00:00+00:00,,,,42260402.811813354
2356,2017-06-06 00:00:00+00:00,,,,61858137.38746643
2357,2017-06-07 00:00:00+00:00,,,,30571200.690221786
2358,2017-06-08 00:00:00+00:00,,,,48548496.56333923
2359,2017-06-09 00:00:00+00:00,,,,48048000.0
2360,2017-06-12 00:00:00+00:00,,,,49124865.93532562
2361,2017-06-13 00:00:00+00:00,,,,22899375.740289688
2362,2017-06-14 00:00:00+00:00,,,,26145000.872683525
2363,2017-06-15 00:00:00+00:00,,,,47430004.90760803
2364,2017-06-16 00:00:00+00:00,,,,21079998.743534088
2365,2017-06-19 00:00:00+00:00,,,,20776000.88787079
2366,2017-06-20 00:00:00+00:00,,,,24839458.41693878
2367,2017-06-21 00:00:00+00:00,,,,22054501.16043091
2368,2017-06-22 00:00:00+00:00,,,,10985095.666122437
2369,2017-06-23 00:00:00+00:00,,,,9686430.921030045
2370,2017-06-26 00:00:00+00:00,,,,22763581.479406357
2371,2017-06-27 00:00:00+00:00,,,,17576024.493026733
2372,2017-06-28 00:00:00+00:00,,,,12648401.244306564
2373,2017-06-29 00:00:00+00:00,,,,7479999.554157257
2374,2017-06-30 00:00:00+00:00,,,,5108999.837589264
2375,2017-07-03 00:00:00+00:00,,,,8322399.057006836
2376,2017-07-05 00:00:00+00:00,,,,5865840.685272217
2377,2017-07-06 00:00:00+00:00,,,,4919999.706745148
2378,2017-07-07 00:00:00+00:00,,,,7349286.496019363
2379,2017-07-10 00:00:00+00:00,,,,10163999.823760986
2380,2017-07-11 00:00:00+00:00,,,,7783199.536085129
2381,2017-07-12 00:00:00+00:00,,,,11437425.450134277
2382,2017-07-13 00:00:00+00:00,,,,6107400.185966492
2383,2017-07-14 00:00:00+00:00,,,,10050000.127792358
2384,2017-07-17 00:00:00+00:00,,,,21625000.74505806
2385,2017-07-18 00:00:00+00:00,,,,23435997.930526733
2386,2017-07-19 00:00:00+00:00,,,,16360600.512099266
2387,2017-07-20 00:00:00+00:00,,,,24729171.191120148
2388,2017-07-21 00:00:00+00:00,,,,18136797.925281525
2389,2017-07-24 00:00:00+00:00,,,,16343801.994943619
2390,2017-07-25 00:00:00+00:00,,,,13735998.443603516
2391,2017-07-26 00:00:00+00:00,,,,6127650.423145294
2392,2017-07-27 00:00:00+00:00,,,,6641999.515151978
2393,2017-07-28 00:00:00+00:00,,,,13818001.31778717
2394,2017-07-31 00:00:00+00:00,,,,14280001.361846924
2395,2017-08-01 00:00:00+00:00,,,,11999200.51279068
2396,2017-08-02 00:00:00+00:00,,,,27073412.52889633
2397,2017-08-03 00:00:00+00:00,,,,16378399.023771286
2398,2017-08-04 00:00:00+00:00,,,,13869999.331665039
2399,2017-08-07 00:00:00+00:00,,,,43173901.33681297
2400,2017-08-08 00:00:00+00:00,,,,30787801.637363434
2401,2017-08-09 00:00:00+00:00,,,,16796000.400447845
2402,2017-08-10 00:00:00+00:00,,,,35223997.90048599
2403,2017-08-11 00:00:00+00:00,,,,58633909.371471405
2404,2017-08-14 00:00:00+00:00,,,,104858002.97298431
2405,2017-08-15 00:00:00+00:00,,,,87064768.12000275
2406,2017-08-16 00:00:00+00:00,,,,54315299.5759964
2407,2017-08-17 00:00:00+00:00,,,,75191598.26278687
2408,2017-08-18 00:00:00+00:00,,,,59938199.43122864
2409,2017-08-21 00:00:00+00:00,,,,49838703.603839874
2410,2017-08-22 00:00:00+00:00,,,,43280326.75395012
2411,2017-08-23 00:00:00+00:00,,,,24017001.06678009
2412,2017-08-24 00:00:00+00:00,,,,33975000.432014465
2413,2017-08-25 00:00:00+00:00,,,,43563500.22010803
2414,2017-08-28 00:00:00+00:00,,,,27508376.232528687
2415,2017-08-29 00:00:00+00:00,,,,73219819.80628967
2416,2017-08-30 00:00:00+00:00,,,,97335001.60217285
2417,2017-08-31 00:00:00+00:00,,,,166628996.36325836
2418,2017-09-01 00:00:00+00:00,,,,226480011.06939316
2419,2017-09-05 00:00:00+00:00,,,,114622510.01443863
2420,2017-09-06 00:00:00+00:00,,,,51392471.51708603
2421,2017-09-07 00:00:00+00:00,,,,58223003.72514725
2422,2017-09-08 00:00:00+00:00,,,,63129958.76150131
2423,2017-09-11 00:00:00+00:00,,,,51750002.61068344
2424,2017-09-12 00:00:00+00:00,,,,44549501.86448097
2425,2017-09-13 00:00:00+00:00,,,,95597396.13418579
2426,2017-09-14 00:00:00+00:00,,,,72417693.27692986
2427,2017-09-15 00:00:00+00:00,,,,101556807.09457397
2428,2017-09-18 00:00:00+00:00,,,,87684142.2419548
2429,2017-09-19 00:00:00+00:00,,,,48292501.20854378
2430,2017-09-20 00:00:00+00:00,,,,26554000.445842743
2431,2017-09-21 00:00:00+00:00,,,,43361662.772750854
2432,2017-09-22 00:00:00+00:00,,,,29105699.455738068
2433,2017-09-25 00:00:00+00:00,,,,37679458.19835663
2434,2017-09-26 00:00:00+00:00,,,,19112999.684143066
2435,2017-09-27 00:00:00+00:00,,,,41707803.173446655
2436,2017-09-28 00:00:00+00:00,,,,23396849.04885292
2437,2017-09-29 00:00:00+00:00,,,,22323600.394248962
2438,2017-10-02 00:00:00+00:00,,,,26573074.00856018
2439,2017-10-03 00:00:00+00:00,,,,20580001.702308655
2440,2017-10-04 00:00:00+00:00,,,,12734025.842571259
2441,2017-10-05 00:00:00+00:00,,,,13572000.883340836
2442,2017-10-06 00:00:00+00:00,,,,13347200.888061523
2443,2017-10-09 00:00:00+00:00,,,,44167572.796583176
2444,2017-10-10 00:00:00+00:00,,,,35412847.77288437
2445,2017-10-11 00:00:00+00:00,,,,54314240.27738571
2446,2017-10-12 00:00:00+00:00,,,,50286484.84582901
2447,2017-10-13 00:00:00+00:00,,,,44701797.872543335
2448,2017-10-16 00:00:00+00:00,,,,24993598.51026535
2449,2017-10-17 00:00:00+00:00,,,,41792176.32818222
2450,2017-10-18 00:00:00+00:00,,,,21050656.73351288
2451,2017-10-19 00:00:00+00:00,,,,18795025.11138916
2452,2017-10-20 00:00:00+00:00,,,,42501855.042696
2453,2017-10-23 00:00:00+00:00,,,,24492801.629638672
2454,2017-10-24 00:00:00+00:00,,,,12307999.266386032
2455,2017-10-25 00:00:00+00:00,,,,17128098.84185791
2456,2017-10-26 00:00:00+00:00,,,,36806847.592163086
2457,2017-10-27 00:00:00+00:00,,,,29645249.294757843
2458,2017-10-30 00:00:00+00:00,,,,46173600.697517395
2459,2017-10-31 00:00:00+00:00,,,,107355450.02288818
2460,2017-11-01 00:00:00+00:00,,,,123553592.63563156
2461,2017-11-02 00:00:00+00:00,,,,100116001.64794922
2462,2017-11-03 00:00:00+00:00,,,,86544995.82977295
2463,2017-11-06 00:00:00+00:00,,,,91569394.33050156
2464,2017-11-07 00:00:00+00:00,,,,48905599.740600586
2465,2017-11-08 00:00:00+00:00,,,,105915000.54836273
2466,2017-11-09 00:00:00+00:00,,,,32233497.842788696
2467,2017-11-10 00:00:00+00:00,,,,74096002.89077759
2468,2017-11-13 00:00:00+00:00,,,,59132994.60411072
2469,2017-11-14 00:00:00+00:00,,,,60800002.97164917
2470,2017-11-15 00:00:00+00:00,,,,55941002.94342041
2471,2017-11-16 00:00:00+00:00,,,,49213228.94906998
2472,2017-11-17 00:00:00+00:00,,,,50255248.35920334
2473,2017-11-20 00:00:00+00:00,,,,56832001.750183105
2474,2017-11-21 00:00:00+00:00,,,,51376479.233169556
2475,2017-11-22 00:00:00+00:00,,,,49053499.48282242
2476,2017-11-24 00:00:00+00:00,,,,52411689.73312378
2477,2017-11-27 00:00:00+00:00,,,,241346404.3296814
2478,2017-11-28 00:00:00+00:00,,,,340601304.67891693
2479,2017-11-29 00:00:00+00:00,,,,529544370.274353
2480,2017-11-30 00:00:00+00:00,,,,264501917.24777222
2481,2017-12-01 00:00:00+00:00,,,,205128000.4699707
2482,2017-12-04 00:00:00+00:00,,,,228124370.098114
2483,2017-12-05 00:00:00+00:00,,,,467599768.1509018
2484,2017-12-06 00:00:00+00:00,,,,318516005.81359863
2485,2017-12-07 00:00:00+00:00,,,,444264457.3513031
2486,2017-12-08 00:00:00+00:00,,,,271408557.46746063
2487,2017-12-11 00:00:00+00:00,,,,298258689.80789185
2488,2017-12-12 00:00:00+00:00,,,,536427992.3477173
2489,2017-12-13 00:00:00+00:00,,,,615973027.6737213
2490,2017-12-14 00:00:00+00:00,,,,255311424.1552353
2491,2017-12-15 00:00:00+00:00,,,,397292815.44189453
2492,2017-12-18 00:00:00+00:00,,,,793373338.4536743
2493,2017-12-19 00:00:00+00:00,,,,773675552.130127
2494,2017-12-20 00:00:00+00:00,,,,635306462.1387482
2495,2017-12-21 00:00:00+00:00,,,,500767176.28326416
2496,2017-12-22 00:00:00+00:00,,,,662271993.0175781
2497,2017-12-26 00:00:00+00:00,,,,433532014.01519775
2498,2017-12-27 00:00:00+00:00,,,,277779996.0571289
2499,2017-12-28 00:00:00+00:00,,,,203384989.58587646
2500,2017-12-29 00:00:00+00:00,,,,140515203.7223816
2501,2018-01-02 00:00:00+00:00,,,,265500099.77607727
2502,2018-01-03 00:00:00+00:00,,,,189645501.92489624
2503,2018-01-04 00:00:00+00:00,,,,118795598.7663269
2504,2018-01-05 00:00:00+00:00,,,,188900700.541687
2505,2018-01-08 00:00:00+00:00,,,,192913875.6275177
2506,2018-01-09 00:00:00+00:00,,,,113183997.8012085
2507,2018-01-10 00:00:00+00:00,,,,210023112.46089935
2508,2018-01-11 00:00:00+00:00,,,,229897466.72554016
2509,2018-01-12 00:00:00+00:00,,,,184589000.17871857
2510,2018-01-16 00:00:00+00:00,,,,191828002.95066833
2511,2018-01-17 00:00:00+00:00,,,,281391994.4229126
2512,2018-01-18 00:00:00+00:00,,,,175486499.27902222
2513,2018-01-19 00:00:00+00:00,,,,131187829.87213135
2514,2018-01-22 00:00:00+00:00,,,,83962804.17938232
2515,2018-01-23 00:00:00+00:00,,,,98497944.06967163
2516,2018-01-24 00:00:00+00:00,,,,58117739.50881958
2517,2018-01-25 00:00:00+00:00,,,,43641499.505996704
2518,2018-01-26 00:00:00+00:00,,,,52969000.85983276
2519,2018-01-29 00:00:00+00:00,,,,92329443.0557251
2520,2018-01-30 00:00:00+00:00,,,,88632119.15855408
2521,2018-01-31 00:00:00+00:00,,,,131903873.29101562
2522,2018-02-01 00:00:00+00:00,,,,168354682.5911522
2523,2018-02-02 00:00:00+00:00,,,,122443200.0
2524,2018-02-05 00:00:00+00:00,,,,122266292.3204422
2525,2018-02-06 00:00:00+00:00,,,,115837103.94859314
2526,2018-02-07 00:00:00+00:00,,,,134444009.87911224
2527,2018-02-08 00:00:00+00:00,,,,72677154.90951538
2528,2018-02-09 00:00:00+00:00,,,,56472354.60090637
2529,2018-02-12 00:00:00+00:00,,,,62037639.52255249
2530,2018-02-13 00:00:00+00:00,,,,33343069.795513153
2531,2018-02-14 00:00:00+00:00,,,,106577235.46218872
2532,2018-02-15 00:00:00+00:00,,,,168054506.49719238
2533,2018-02-16 00:00:00+00:00,,,,122034289.57271576
2534,2018-02-20 00:00:00+00:00,,,,138316805.4162979
2535,2018-02-21 00:00:00+00:00,,,,106509899.63989258
2536,2018-02-22 00:00:00+00:00,,,,112414788.50688934
2537,2018-02-23 00:00:00+00:00,,,,80202037.73345947
2538,2018-02-26 00:00:00+00:00,,,,71768266.77093506
2539,2018-02-27 00:00:00+00:00,,,,63648983.4651947
2540,2018-02-28 00:00:00+00:00,,,,36168154.84523773
2541,2018-03-01 00:00:00+00:00,,,,36860650.7768631
2542,2018-03-02 00:00:00+00:00,,,,35978400.0
2543,2018-03-05 00:00:00+00:00,,,,58493092.918395996
2544,2018-03-06 00:00:00+00:00,,,,67181399.40261841
2545,2018-03-07 00:00:00+00:00,,,,123571590.20309448
2546,2018-03-08 00:00:00+00:00,,,,75306454.90493774
2547,2018-03-09 00:00:00+00:00,,,,65389377.001571655
2548,2018-03-12 00:00:00+00:00,,,,46777695.529174805
2549,2018-03-13 00:00:00+00:00,,,,38592480.49736023
2550,2018-03-14 00:00:00+00:00,,,,73088358.17642212
2551,2018-03-15 00:00:00+00:00,,,,53363516.15123749
2552,2018-03-16 00:00:00+00:00,,,,50024140.39077759
2553,2018-03-19 00:00:00+00:00,,,,44387681.24504089
2554,2018-03-20 00:00:00+00:00,,,,50732081.325531006
2555,2018-03-21 00:00:00+00:00,,,,59649000.0
2556,2018-03-22 00:00:00+00:00,,,,33312987.36076355
2557,2018-03-23 00:00:00+00:00,,,,31818052.61926651
2558,2018-03-26 00:00:00+00:00,,,,53769038.53607178
2559,2018-03-27 00:00:00+00:00,,,,49167079.21524048
2560,2018-03-28 00:00:00+00:00,,,,43832950.96235275
2561,2018-03-29 00:00:00+00:00,,,,54856404.80308533
2562,2018-04-02 00:00:00+00:00,,,,37667776.58748627
2563,2018-04-03 00:00:00+00:00,,,,48258763.29059601
2564,2018-04-04 00:00:00+00:00,,,,38374007.605075836
2565,2018-04-05 00:00:00+00:00,,,,36430989.75734711
2566,2018-04-06 00:00:00+00:00,,,,30958975.559711456
2567,2018-04-09 00:00:00+00:00,,,,22553790.40775299
2568,2018-04-10 00:00:00+00:00,,,,25629370.442390442
2569,2018-04-11 00:00:00+00:00,,,,25424754.986190796
2570,2018-04-12 00:00:00+00:00,,,,53958526.02081299
2571,2018-04-13 00:00:00+00:00,,,,62133866.10374451
2572,2018-04-16 00:00:00+00:00,,,,32695626.75704956
2573,2018-04-17 00:00:00+00:00,,,,38989181.95724487
2574,2018-04-18 00:00:00+00:00,,,,28262103.511428833
2575,2018-04-19 00:00:00+00:00,,,,34344764.04018402
2576,2018-04-20 00:00:00+00:00,,,,60292486.54880524
2577,2018-04-23 00:00:00+00:00,,,,45852175.0
2578,2018-04-24 00:00:00+00:00,,,,94772755.28812408
2579,2018-04-25 00:00:00+00:00,,,,105110233.87145996
2580,2018-04-26 00:00:00+00:00,,,,46186616.14780426
2581,2018-04-27 00:00:00+00:00,,,,51064750.0
2582,2018-04-30 00:00:00+00:00,,,,37230065.89603424
2583,2018-05-01 00:00:00+00:00,,,,38170204.927921295
2584,2018-05-02 00:00:00+00:00,,,,30147831.123924255
2585,2018-05-03 00:00:00+00:00,,,,58583839.26486969
2586,2018-05-04 00:00:00+00:00,,,,39428669.385910034
2587,2018-05-07 00:00:00+00:00,,,,46794723.83470535
2588,2018-05-08 00:00:00+00:00,,,,36229259.09395218
2589,2018-05-09 00:00:00+00:00,,,,35080698.62575531
2590,2018-05-10 00:00:00+00:00,,,,38876111.796569824
2591,2018-05-11 00:00:00+00:00,,,,55733071.50783539
2592,2018-05-14 00:00:00+00:00,,,,41910800.0
2593,2018-05-15 00:00:00+00:00,,,,27833100.0
2594,2018-05-16 00:00:00+00:00,,,,29374125.0
2595,2018-05-17 00:00:00+00:00,,,,21519464.57529068
2596,2018-05-18 00:00:00+00:00,,,,26259253.203964233
2597,2018-05-21 00:00:00+00:00,,,,16858706.574726105
2598,2018-05-22 00:00:00+00:00,,,,25197311.853027344
2599,2018-05-23 00:00:00+00:00,,,,78715131.72006607
2600,2018-05-24 00:00:00+00:00,,,,27603647.483825684
2601,2018-05-25 00:00:00+00:00,,,,13086764.589118958
2602,2018-05-29 00:00:00+00:00,,,,27051974.150657654
2603,2018-05-30 00:00:00+00:00,,,,21404812.068271637
2604,2018-05-31 00:00:00+00:00,,,,17286555.624103546
2605,2018-06-01 00:00:00+00:00,,,,11347380.35774231
2606,2018-06-04 00:00:00+00:00,,,,15136729.4216156
2607,2018-06-05 00:00:00+00:00,,,,23068837.566375732
2608,2018-06-06 00:00:00+00:00,,,,31970354.510211945
2609,2018-06-07 00:00:00+00:00,,,,13753769.632816315
2610,2018-06-08 00:00:00+00:00,,,,12984479.804992676
2611,2018-06-11 00:00:00+00:00,,,,51795899.15561676
2612,2018-06-12 00:00:00+00:00,,,,39699026.8658638
2613,2018-06-13 00:00:00+00:00,,,,58490802.10494995
2614,2018-06-14 00:00:00+00:00,,,,48271496.88205719
2615,2018-06-15 00:00:00+00:00,,,,27168044.52676773
2616,2018-06-18 00:00:00+00:00,,,,23054720.39794922
2617,2018-06-19 00:00:00+00:00,,,,17516400.0
2618,2018-06-20 00:00:00+00:00,,,,14396719.496154785
2619,2018-06-21 00:00:00+00:00,,,,11899469.787883759
2620,2018-06-22 00:00:00+00:00,,,,37278091.407966614
2621,2018-06-25 00:00:00+00:00,,,,38435600.748062134
2622,2018-06-26 00:00:00+00:00,,,,34087311.30943298
2623,2018-06-27 00:00:00+00:00,,,,47242550.538253784
2624,2018-06-28 00:00:00+00:00,,,,19435559.087753296
2625,2018-06-29 00:00:00+00:00,,,,16143024.49464798
2626,2018-07-02 00:00:00+00:00,,,,43155179.19301987
2627,2018-07-03 00:00:00+00:00,,,,10016006.229019165
2628,2018-07-05 00:00:00+00:00,,,,18629685.353565216
2629,2018-07-06 00:00:00+00:00,,,,13069847.415161133
2630,2018-07-09 00:00:00+00:00,,,,22371600.414276123
2631,2018-07-10 00:00:00+00:00,,,,34578028.70750427
2632,2018-07-11 00:00:00+00:00,,,,8281295.337867737
2633,2018-07-12 00:00:00+00:00,,,,14687456.661987305
2634,2018-07-13 00:00:00+00:00,,,,10544687.738800049
2635,2018-07-16 00:00:00+00:00,,,,31389250.581264496
2636,2018-07-17 00:00:00+00:00,,,,60029503.80420685
2637,2018-07-18 00:00:00+00:00,,,,69314165.51170349
2638,2018-07-19 00:00:00+00:00,,,,35863439.375305176
2639,2018-07-20 00:00:00+00:00,,,,31719600.0
2640,2018-07-23 00:00:00+00:00,,,,39121871.742248535
2641,2018-07-24 00:00:00+00:00,,,,51295840.9576416
2642,2018-07-25 00:00:00+00:00,,,,37285380.35917282
2643,2018-07-26 00:00:00+00:00,,,,15999830.50441742
2644,2018-07-27 00:00:00+00:00,,,,36829899.41215515
2645,2018-07-30 00:00:00+00:00,,,,25551888.210392
2646,2018-07-31 00:00:00+00:00,,,,29325006.21471405
2647,2018-08-01 00:00:00+00:00,,,,18896090.71369171
2648,2018-08-02 00:00:00+00:00,,,,17308305.637931824
2649,2018-08-03 00:00:00+00:00,,,,21823514.17980194
2650,2018-08-06 00:00:00+00:00,,,,23337776.625061035
2651,2018-08-07 00:00:00+00:00,,,,13505316.152572632
2652,2018-08-08 00:00:00+00:00,,,,36751181.270980835
2653,2018-08-09 00:00:00+00:00,,,,21183525.502204895
2654,2018-08-10 00:00:00+00:00,,,,12301440.488815308
2655,2018-08-13 00:00:00+00:00,,,,19753471.6796875
2656,2018-08-14 00:00:00+00:00,,,,18338359.619808197
2657,2018-08-15 00:00:00+00:00,,,,22722444.809246063
2658,2018-08-16 00:00:00+00:00,,,,26602941.1151886
2659,2018-08-17 00:00:00+00:00,,,,27406525.64640045
2660,2018-08-20 00:00:00+00:00,,,,11091912.28981018
2661,2018-08-21 00:00:00+00:00,,,,11060889.857292175
2662,2018-08-22 00:00:00+00:00,,,,13022619.445037842
2663,2018-08-23 00:00:00+00:00,,,,8329607.711791992
2664,2018-08-24 00:00:00+00:00,,,,12683088.42163086
2665,2018-08-27 00:00:00+00:00,,,,11560118.188858032
2666,2018-08-28 00:00:00+00:00,,,,22845619.20452118
2667,2018-08-29 00:00:00+00:00,,,,14436187.651824951
2668,2018-08-30 00:00:00+00:00,,,,10690317.13399887
2669,2018-08-31 00:00:00+00:00,,,,8682050.0
2670,2018-09-04 00:00:00+00:00,,,,14758250.0
2671,2018-09-05 00:00:00+00:00,,,,18484110.79673767
2672,2018-09-06 00:00:00+00:00,,,,15356483.863449097
2673,2018-09-07 00:00:00+00:00,,,,11376594.208145142
2674,2018-09-10 00:00:00+00:00,,,,11123667.381286621
2675,2018-09-11 00:00:00+00:00,,,,11444026.48267746
2676,2018-09-12 00:00:00+00:00,,,,8473191.764640808
2677,2018-09-13 00:00:00+00:00,,,,12273755.407333374
2678,2018-09-14 00:00:00+00:00,,,,6902415.153980255
2679,2018-09-17 00:00:00+00:00,,,,10452803.95040512
2680,2018-09-18 00:00:00+00:00,,,,6207030.292320251
2681,2018-09-19 00:00:00+00:00,,,,13084255.122184753
2682,2018-09-20 00:00:00+00:00,,,,8065730.152130127
2683,2018-09-21 00:00:00+00:00,,,,21252390.9160614
2684,2018-09-24 00:00:00+00:00,,,,10692031.607818604
2685,2018-09-25 00:00:00+00:00,,,,21729365.514850616
2686,2018-09-26 00:00:00+00:00,,,,18215251.39427185
2687,2018-09-27 00:00:00+00:00,,,,15482087.853813171
2688,2018-09-28 00:00:00+00:00,,,,10102856.072807312
2689,2018-10-01 00:00:00+00:00,,,,10562272.026062012
2690,2018-10-02 00:00:00+00:00,,,,13160900.169610977
2691,2018-10-03 00:00:00+00:00,,,,10083200.182914734
2692,2018-10-04 00:00:00+00:00,,,,7718116.039466858
2693,2018-10-05 00:00:00+00:00,,,,7272260.190010071
2694,2018-10-08 00:00:00+00:00,,,,11418120.16582489
2695,2018-10-09 00:00:00+00:00,,,,6583244.918727875
2696,2018-10-10 00:00:00+00:00,,,,10052711.921310425
2697,2018-10-11 00:00:00+00:00,,,,16775076.519107819
2698,2018-10-12 00:00:00+00:00,,,,8006279.888534546
2699,2018-10-15 00:00:00+00:00,,,,17003425.0
2700,2018-10-16 00:00:00+00:00,,,,5931016.170930862
2701,2018-10-17 00:00:00+00:00,,,,3790297.0200538635
2702,2018-10-18 00:00:00+00:00,,,,5484186.014986038
2703,2018-10-19 00:00:00+00:00,,,,5016075.135707855
2704,2018-10-22 00:00:00+00:00,,,,5990273.856782913
2705,2018-10-23 00:00:00+00:00,,,,9416323.72636795
2706,2018-10-24 00:00:00+00:00,,,,8163526.064968109
2707,2018-10-25 00:00:00+00:00,,,,5793919.9686050415
2708,2018-10-26 00:00:00+00:00,,,,6978363.78993988
2709,2018-10-29 00:00:00+00:00,,,,13248150.852012634
2710,2018-10-30 00:00:00+00:00,,,,7806185.821151733
2711,2018-10-31 00:00:00+00:00,,,,8423651.713943481
2712,2018-11-01 00:00:00+00:00,,,,5655951.88627243
2713,2018-11-02 00:00:00+00:00,,,,7186409.821987152
2714,2018-11-05 00:00:00+00:00,,,,9138957.451343536
2715,2018-11-06 00:00:00+00:00,,,,11188561.658096313
2716,2018-11-07 00:00:00+00:00,,,,10463687.715625763
2717,2018-11-08 00:00:00+00:00,,,,7296408.056116104
2718,2018-11-09 00:00:00+00:00,,,,7774471.936988831
2719,2018-11-12 00:00:00+00:00,,,,5033243.8888549805
2720,2018-11-13 00:00:00+00:00,,,,5307761.911582947
2721,2018-11-14 00:00:00+00:00,,,,26005226.08294487
2722,2018-11-15 00:00:00+00:00,,,,20306250.0
2723,2018-11-16 00:00:00+00:00,,,,8811825.277805328
2724,2018-11-19 00:00:00+00:00,,,,26163540.462064743
2725,2018-11-20 00:00:00+00:00,,,,24809817.903327942
2726,2018-11-21 00:00:00+00:00,,,,11515179.480314255
2727,2018-11-23 00:00:00+00:00,,,,5344088.125324249
2728,2018-11-26 00:00:00+00:00,,,,21340519.912147522
2729,2018-11-27 00:00:00+00:00,,,,9498229.614543915
2730,2018-11-28 00:00:00+00:00,,,,33040005.77249527
2731,2018-11-29 00:00:00+00:00,,,,12143723.91242981
2732,2018-11-30 00:00:00+00:00,,,,9474013.565444946
2733,2018-12-03 00:00:00+00:00,,,,10171650.0
2734,2018-12-04 00:00:00+00:00,,,,9000607.45677948
2735,2018-12-06 00:00:00+00:00,,,,9829676.912593842
2736,2018-12-07 00:00:00+00:00,,,,20403868.097782135
2737,2018-12-10 00:00:00+00:00,,,,6338787.330007553
2738,2018-12-11 00:00:00+00:00,,,,3642295.0439691544
2739,2018-12-12 00:00:00+00:00,,,,7402995.348644257
2740,2018-12-13 00:00:00+00:00,,,,5491447.486519814
2741,2018-12-14 00:00:00+00:00,,,,6201215.861392021
2742,2018-12-17 00:00:00+00:00,,,,16498679.638290405
2743,2018-12-18 00:00:00+00:00,,,,9661200.22201538
2744,2018-12-19 00:00:00+00:00,,,,18797202.750444412
2745,2018-12-20 00:00:00+00:00,,,,16763841.414356232
2746,2018-12-21 00:00:00+00:00,,,,11705040.4651165
2747,2018-12-24 00:00:00+00:00,,,,10843122.913646698
2748,2018-12-26 00:00:00+00:00,,,,12826500.0
2749,2018-12-27 00:00:00+00:00,,,,17876595.83120346
2750,2018-12-28 00:00:00+00:00,,,,16818444.30770874
2751,2018-12-31 00:00:00+00:00,,,,15181984.671354294
2752,2019-01-02 00:00:00+00:00,,,,13620683.662605286
2753,2019-01-03 00:00:00+00:00,,,,6793559.97133255
2754,2019-01-04 00:00:00+00:00,,,,9153771.423959732
2755,2019-01-07 00:00:00+00:00,,,,13008276.357364655
2756,2019-01-08 00:00:00+00:00,,,,13159872.101211548
2757,2019-01-09 00:00:00+00:00,,,,13084380.10597229
2758,2019-01-10 00:00:00+00:00,,,,16415136.6522789
2759,2019-01-11 00:00:00+00:00,,,,5263920.209169388
2760,2019-01-14 00:00:00+00:00,,,,11539751.458358765
2761,2019-01-15 00:00:00+00:00,,,,5507943.049907684
2762,2019-01-16 00:00:00+00:00,,,,5478079.704284668
2763,2019-01-17 00:00:00+00:00,,,,4319249.8326301575
2764,2019-01-18 00:00:00+00:00,,,,4539206.159591675
2765,2019-01-22 00:00:00+00:00,,,,6485500.0
2766,2019-01-23 00:00:00+00:00,,,,5365475.8509635925
2767,2019-01-24 00:00:00+00:00,,,,4664375.0
2768,2019-01-25 00:00:00+00:00,,,,3364570.0459480286
2769,2019-01-28 00:00:00+00:00,,,,8989875.1527071
2770,2019-01-29 00:00:00+00:00,,,,3920303.981399536
2771,2019-01-30 00:00:00+00:00,,,,3129041.9559001923
2772,2019-01-31 00:00:00+00:00,,,,4423713.010573387
2773,2019-02-01 00:00:00+00:00,,,,3574181.9830417633
2774,2019-02-04 00:00:00+00:00,,,,3452328.0332565308
2775,2019-02-05 00:00:00+00:00,,,,5654220.138263702
2776,2019-02-06 00:00:00+00:00,,,,10162559.772849083
2777,2019-02-07 00:00:00+00:00,,,,4054598.8801002502
2778,2019-02-08 00:00:00+00:00,,,,24441692.20905304
2779,2019-02-11 00:00:00+00:00,,,,7735401.034879684
2780,2019-02-12 00:00:00+00:00,,,,7359345.884132385
2781,2019-02-13 00:00:00+00:00,,,,5145919.811248779
2782,2019-02-14 00:00:00+00:00,,,,5225663.902282715
2783,2019-02-15 00:00:00+00:00,,,,4401595.060110092
2784,2019-02-19 00:00:00+00:00,,,,25214435.07514
2785,2019-02-20 00:00:00+00:00,,,,12821200.456619263
2786,2019-02-21 00:00:00+00:00,,,,9120927.594566345
2787,2019-02-22 00:00:00+00:00,,,,12993464.409637451
2788,2019-02-25 00:00:00+00:00,,,,13444080.275726318
2789,2019-02-26 00:00:00+00:00,,,,8720436.26704216
2790,2019-02-27 00:00:00+00:00,,,,6609100.293159485
2791,2019-02-28 00:00:00+00:00,,,,5318996.04549408
2792,2019-03-01 00:00:00+00:00,,,,4344129.927635193
2793,2019-03-04 00:00:00+00:00,,,,7286564.935207367
2794,2019-03-05 00:00:00+00:00,,,,7151593.268632889
2795,2019-03-06 00:00:00+00:00,,,,3741855.0767421722
2796,2019-03-07 00:00:00+00:00,,,,9242550.0
2797,2019-03-08 00:00:00+00:00,,,,8245476.226520538
2798,2019-03-11 00:00:00+00:00,,,,6834365.83070755
2799,2019-03-12 00:00:00+00:00,,,,3404919.929409027
2800,2019-03-13 00:00:00+00:00,,,,8752050.0
2801,2019-03-14 00:00:00+00:00,,,,9145350.0
2802,2019-03-15 00:00:00+00:00,,,,6546833.785629272
2803,2019-03-18 00:00:00+00:00,,,,9941536.233139038
2804,2019-03-19 00:00:00+00:00,,,,14915109.315872192
2805,2019-03-20 00:00:00+00:00,,,,17015328.26385498
2806,2019-03-21 00:00:00+00:00,,,,9496863.887023926
2807,2019-03-22 00:00:00+00:00,,,,5799530.267715454
2808,2019-03-25 00:00:00+00:00,,,,11332229.425668716
2809,2019-03-26 00:00:00+00:00,,,,6435527.919244766
2810,2019-03-27 00:00:00+00:00,,,,10694837.735080719
2811,2019-03-28 00:00:00+00:00,,,,9553975.91972351
2812,2019-03-29 00:00:00+00:00,,,,14040772.616291046
